Title;Actor;Actress
STRING;CAT;CAT
Tie Me Up! Tie Me Down!;Banderas, Antonio;Abril, Victoria
High Heels;Bosé, Miguel;Abril, Victoria
Dead Zone, The;Walken, Christopher;Adams, Brooke
Cuba;Connery, Sean;Adams, Brooke
Days of Heaven;Gere, Richard;Adams, Brooke
Octopussy;Moore, Roger;Adams, Maud
Target Eagle;Connors, Chuck;Adams, Maud
American Angels: Baptism of Blood, The;Bergen, Robert D.;Adams, Trudy
Subway;Lambert, Christopher;Adjani, Isabelle
Camille Claudel;Depardieu, Gérard;Adjani, Isabelle
Fanny and Alexander;Ahlstedt, Börje;Adolphson, Kristina
Tragedy of a Ridiculous Man;Tognazzi, Ugo;Aimee, Anouk
A Man & a Woman;Trintignant, Jean-Louis;Aimee, Anouk
A Man & a Woman: Twenty Years Later;Trintignant, Jean-Louis;Aimee, Anouk
Un Hombre y una Mujer;Trintignant, Jean-Louis;Aimee, Anouk
Official Story, The;Alterio, Hector;Aleandro, Norma
Lindbergh Kidnapping Case, The;Hopkins, Anthony;Alexander, Denise
Blackmail;Longden, John;Algood, Sara
Donovan's Reef;Wayne, John;Allen, Elizabeth
Tucker: The Man & His Dream;Bridges, Jeff;Allen, Joan
Scrooged;Murray, Bill;Allen, Karen
Raiders of the Lost Ark;Ford, Harrison;Allen, Karen
Running Man, The;Schwarzenegger, Arnold;Alonso, Maria Conchita
Predator 2;Glover, Danny;Alonso, Maria Conchita
Colors;Penn, Sean;Alonso, Maria Conchita
Zandalee;Cage, Nicolas;Anderson, Erika
Miles from Home;Anderson, Kevin;Anderson, Jo
Happy Birthday to Me;Ford, Glenn;Anderson, Melissa Sue
Final Notice;Gerard, Gil;Anderson, Melody
Quintet;Newman, Paul;Andersson, Bibi
Devil's Eye, The;Kulle, Jarl;Andersson, Bibi
Wild Strawberries;Sjöström, Victor;Andersson, Bibi
Seventh Seal, The;Sydow, Max von;Andersson, Bibi
Germicide;Taylor, Rod;Andersson, Bibi
Dreams;Björnstrand, Gunnar;Andersson, Harriet
Naked Night, The;Björnstrand, Gunnar;Andersson, Harriet
Through a Glass Darkly;Björnstrand, Gunnar;Andersson, Harriet
Cries & Whispers;Josephson, Erland;Andersson, Harriet
Barbarian & the Geisha, The;Wayne, John;Ando, Eiko
Casino Royale;Niven, David;Andress, Ursula
Dr. No;Connery, Sean;Andress, Ursula
Elephant Walk;Finch, Peter;Andrews, Dana
Ten;Moore, Dudley;Andrews, Julie
Man Who Loved Women, The;Reynolds, Burt;Andrews, Julie
Hawaii;Sydow, Max von;Andrews, Julie
Torn Curtain;Newman, Paul;Andrews, Julie
Duet for One;Bates, Alan;Andrews, Julie
Sound of Music, The;Plummer, Christopher;Andrews, Julie
Gonzo Presents Muppet Weird Stuff;Cleese, John;Andrews, Julie
Tartuffe;Depardieu, Gérard;Annen, Paule
A New Life;Alda, Alan;Ann-Margret
Magic;Hopkins, Anthony;Ann-Margret
Tommy;Daltry, Roger;Ann-Margret
Big Fix, The;Dreyfuss, Richard;Anspach, Susan
Alan & Naomi;Haas, Lukas;Aquino, Vanessa
Fatal Attraction;Douglas, Michael;Archer, Anne
Patriot Games;Ford, Harrison;Archer, Anne
Woman Next Door, The;Depardieu, Gérard;Ardant, Fanny
Hunting;Savage, John;Armstrong, Kerry
Bataan;Taylor, Robert;Arnaz, Desi
Siegfried, The Nibelungenlied;Richter, Paul;Arnold, Gertrud
Henry, Portrait of a Serial Killer;Rooker, Michael;Arnold, Tracy
Big Blue, The;Barr, Jean-Marc;Arquette, Rosanna
Flight of the Intruder;Glover, Danny;Arquette, Rosanna
Nobody's Fool;Roberts, Eric;Arquette, Rosanna
After Hours;Dunne, Griffin;Arquette, Rosanna
Desperately Seeking Susan;Quinn, Aidan;Arquette, Rosanna
A New Leaf;Matthau, Walter;Arrick, Rose
Killers of Kilimanjaro;Taylor, Robert;Aslan, Gregoire
Don Juan;Barrymore, John;Astor, Mary
Babette's Feast;LaFont, Jean-Philippe;Audran, Stéphane
Vincent, Francois, Paul & the Others;Montand, Yves;Audran, Stéphane
Thunderball;Connery, Sean;Auger, Claudine
Lodger (Story of the London Fog);Chesney, Arthur;Ault, Marie
Appointment with Death;Ustinov, Peter;Bacall, Lauren
Murder on the Orient Express;Balsam, Martin;Bacall, Lauren
Blood Alley;Wayne, John;Bacall, Lauren
Spy Who Loved Me, The;Moore, Roger;Bach, Barbara
Storm;Palfy, David;Bahtia, Stacy Christensen
Bloodbath;Hopper, Dennis;Baker, Carroll
Miami Cops;Roundtree, Richard;Baker, Dawn
Island of Dr. Moreau, The;Thewlis, David;Balk, Fairuza
Eighty-Four Charing Cross Road;Hopkins, Anthony;Bancroft, Anne
Elephant Man, The;Hopkins, Anthony;Bancroft, Anne
Dr Alien;Jacoby, Billy;Barash, Olivia
Creepshow;Holbrook, Hal;Barbeau, Adrienne
Sammy & Rosie Get Laid;Din, Ayub Khan;Barber, Frances
Goalie's Anxiety at the Penalty Kick, The;Brauss, Arthur;Bardischewski, Maria
Mademoiselle Striptease;Gelin, Daniel;Bardot, Brigitte
Women, The;Ronet, Maurice;Bardot, Brigitte
That Naughty Girl;Bretonniere, Jean;Bardot, Brigitte
Voulez-Vous Danser Avec Moi?;Vidal, Henri;Bardot, Brigitte
A Coeur Joie, (Head Over Heels);Terzieff, Laurent;Bardot, Brigitte
Shalako;Connery, Sean;Bardot, Brigitte
Contempt;Palance, Jack;Bardot, Brigitte
Dear Brigitte;Mumy, Billy;Bardot, Brigitte
A Very Private Affair;Mastroianni, Marcello;Bardot, Brigitte
Ravishing Idiot, The;Perkins, Anthony;Bardot, Brigitte
Bride Is Much Too Beautiful, The;Jourdan, Louis;Bardot, Brigitte
Doctor at Sea;Bogarde, Dirk;Bardot, Brigitte
Le Repos Du Guerrier, (Warrior's Rest);Hossein, Robert;Bardot, Brigitte
And God Created Woman;Jurgens, Curt;Bardot, Brigitte
Ms. Don Juan;Ronet, Maurice;Bardot, Brigitte
Siesta;Byrne, Gabriel;Barkin, Ellen
Rich & Strange;Kendall, Henry;Barry, Joan
Lionheart;Stoltz, Eric;Barrymore, Deborah
E. T. The Extra-Terrestrial;Wallace, Dee;Barrymore, Drew
Cool World;Byrne, Gabriel;Basinger, Kim
Nadine;Bridges, Jeff;Basinger, Kim
Batman;Nicholson, Jack;Basinger, Kim
Blind Date;Willis, Bruce;Basinger, Kim
Mother Lode;Heston, Charlton;Basinger, Kim
Final Analysis;Gere, Richard;Basinger, Kim
Never Say Never Again;Connery, Sean;Basinger, Kim
Nine & a Half Weeks;Rourke, Mickey;Basinger, Kim
Killjoy;Culp, Robert;Basinger, Kim
No Mercy;Gere, Richard;Basinger, Kim
Marrying Man, The;Baldwin, Alec;Basinger, Kim
Misery;Caan, James;Bates, Kathy
Crisis;Andersson, Wiktor;Baude, Anna-Lisa
Samson & Delilah;Hamilton, Antony;Bauer, Belinda
Act of Piracy;Busey, Gary;Bauer, Belinda
Split Decisions;Hackman, Gene;Beals, Jennifer
Vampire's Kiss;Cage, Nicolas;Beals, Jennifer
Nightmare at Noon;Hauser, Wings;Beck, Kimberly
Presumed Innocent;Ford, Harrison;Bedelia, Bonnie
Reap the Wild Wind;Wayne, John;Beecher, Janet
Pocket Money;Newman, Paul;Belford, Christine
Mary White;Flanders, Ed;Beller, Kathleen
Catch a Rising Star, Tenth Anniversary;Belzer, Richard;Benatar, Pat
Guilty by Suspicion;De Niro, Robert;Bening, Annette
Secret Beyond the Door;Redgrave, Michael;Bennett, Joan
Scarlet Street;Robinson, Edward G.;Bennett, Joan
Daffy Duck's Quackbusters;Blanc, Mel;Bennett, Julie
Rowlf's Rhapsodies with the Muppets;Burns, George;Berenson, Marisa
Gandhi;Kingsley, Ben;Bergen, Candice
Wind & the Lion, The;Connery, Sean;Bergen, Candice
Carnal Knowledge;Nicholson, Jack;Bergen, Candice
Getting Straight;Gould, Elliott;Bergen, Candice
Scarlet Letter, The;Albaicín, Rafael;Berger, Senta
Count of Old Town, The;Adolphson, Edvin;Bergman, Ingrid
Autumn Sonata;Björk, Halvar;Bergman, Ingrid
Gaslight;Boyer, Charles;Bergman, Ingrid
Indiscreet;Grant, Cary;Bergman, Ingrid
Walpurgis Night;Sjöström, Victor;Bergman, Ingrid
Joan of Arc;Ferrer, Jose;Bergman, Ingrid
A Woman Called Golda;Beatty, Ned;Bergman, Ingrid
A Walk in the Spring Rain;Quinn, Anthony;Bergman, Ingrid
Under Capricorn;Cotten, Joseph;Bergman, Ingrid
Notorious;Grant, Cary;Bergman, Ingrid
June Night;Widgren, Olof;Bergman, Ingrid
Goodbye Again;Perkins, Anthony;Bergman, Ingrid
Anastasia;Tamiroff, Akim;Bergman, Ingrid
Bells of St. Mary's, The;Crosby, Bing;Bergman, Ingrid
Intermezzo;Ekman, Gösta;Bergman, Ingrid
A Woman's Face;Svennberg, Tore;Bergman, Ingrid
Swedenhielms;Westergren, Håkan;Bergman, Ingrid
Only One Night;Adolphson, Edvin;Bergman, Ingrid
Dollar;Rydeberg, Georg;Bergman, Ingrid
Elena & Her Men;Ferrer, Mel;Bergman, Ingrid
Europa Fifty-One;Knox, Alexander;Bergman, Ingrid
Voyage in Italy;Sanders, George;Bergman, Ingrid
Fear;Wieman, Mathias;Bergman, Ingrid
Stromboli;Vitale, Mario;Bergman, Ingrid
Cactus Flower;Matthau, Walter;Bergman, Ingrid
Hideaways;Conover, Bruce;Bergman, Ingrid
Twenty Four Hours in a Woman's Life;Torn, Rip;Bergman, Ingrid
Programmed to Kill;Ginty, Robert;Bergman, Sandahl
Conan the Barbarian;Schwarzenegger, Arnold;Bergman, Sandahl
Raw Nerve;Ford, Glenn;Bergman, Sandahl
Think Dirty;Feldman, Marty;Berman, Shelley
King of Comedy;De Niro, Robert;Bernhard, Sandra
Best of the Big Laff Off, The;Murphy, Eddie;Bernhard, Sandra
Amadeus;Abraham, F. Murray;Berridge, Elizabeth
White Lightning;Reynolds, Burt;Billingsley, Jennifer
Unbearable Lightness of Being, The;Day-Lewis, Daniel;Binoche, Juliette
Life & Times of Judge Roy Bean, The;Newman, Paul;Bisset, Jacqueline
Airport;Lancaster, Burt;Bisset, Jacqueline
Day for Night;Aumont, Jean-Pierre;Bisset, Jacqueline
Secrets of Women;Malmsten, Birger;Björk, Anita
Burnt Offerings;Reed, Oliver;Black, Karen
Easy Rider;Fonda, Peter;Black, Karen
Five Easy Pieces;Nicholson, Jack;Black, Karen
Day of the Locust, The;Sutherland, Donald;Black, Karen
Goldfinger;Connery, Sean;Blackman, Honor
Exorcist II, The Heretic;Burton, Richard;Blair, Linda
White Lightning;Clements, Stanley;Blondell, Gloria
Lady for a Night;Wayne, John;Blondell, Joan
Charly;Robertson, Cliff;Bloom, Claire
High Plains Drifter;Eastwood, Clint;Bloom, Verna
Honkytonk Man;Eastwood, Clint;Bloom, Verna
Nightbreed;Cronenberg, David;Bobby, Anne
Under the Sun of Satan;Depardieu, Gérard;Bonnaire, Sandrine
Vagabond;Meril, Macha;Bonnaire, Sandrine
Bill Cosby, Live at Harrah's;Cosby, Bill;Boosler, Elayne
Monty Python & the Holy Grail;Chapman, Graham;Booth, Connie
John Cleese on How to Irritate People;Cleese, John;Booth, Connie
Matchmaker, The;Perkins, Anthony;Booth, Shirley
For Your Eyes Only;Moore, Roger;Bouquet, Carole
Wings;Rogers, Buddy;Bow, Clara
Medicine Man;Connery, Sean;Bracco, Lorraine
Good Fellas;De Niro, Robert;Bracco, Lorraine
Kiss of the Spider Woman;Hurt, William;Braga, Sonia
Rookie, THe;Eastwood, Clint;Braga, Sonia
Sting, The;Newman, Paul;Brennan, Eileen
Torpedo Run;Ford, Glenn;Brewster, Diane
Instant Justice;Paré, Michael;Bridges, Lynda
Cyrano de Bergerac;Depardieu, Gérard;Brochet, Anne
Border Street;Fijewski, Tadeusz;Broniewska, Maria
Firehouse;Hopkins, Barrett;Brown, Violet
Morituri;Brando, Marlon;Brynner, Yul
From the Life of the Marionettes;Atzorn, Robert;Buchegger, Christine
Frantic;Ford, Harrison;Buckley, Betty
Coma;Douglas, Michael;Bujold, Geneviève
Dead Ringers;Irons, Jeremy;Bujold, Geneviève
Golden Ninja Invasion;West, Leonard;Burd, Stephanie
Exorcist, The;Sydow, Max von;Burstyn, Ellen
Alice Doesn't Live Here Anymore;Kristofferson, Kris;Burstyn, Ellen
Eyes of the Amaryllis, The;Bolt, Jonathan;Byrne, Martha
What Price Glory?;Cagney, James;Calvet, Corinne
Inauguration of the Pleasure Dome;De Brier, Sampson;Cameron, Marjorie
School Daze;Fishburne, Larry;Campbell, Tisha
End of Innocence, The;Heard, John;Cannon, Dyan
Anderson Tapes, The;Connery, Sean;Cannon, Dyan
Father Murphy, A Horse from Heaven;Olsen, Merlin;Cannon, Katharine
Skull;Bideman, Robert;Capone, Nadia
Quick & The Dead, The;Elliott, Sam;Capshaw, Kate
Best Defense;Moore, Dudley;Capshaw, Kate
Dreamscape;Quaid, Dennis;Capshaw, Kate
Black Rain;Douglas, Michael;Capshaw, Kate
8 1/2;Mastroianni, Marcello;Cardinale, Claudia
One Frightened Night;Ford, Wallace;Carlisle, Mary
Year My Voice Broke, The;Taylor, Noah;Carmen, Loene
Is Paris Burning?;Belmondo, Jean-Paul;Caron, Leslie
QB VII;Hopkins, Anthony;Caron, Leslie
Island of Dr. Moreau, The;Lancaster, Burt;Carrera, Barbara
Beyond the Limit;Caine, Michael;Carrillo, Elpidia
Secret Agent;Lorre, Peter;Carroll, Madeleine
Paramount Comedy Theater: Well-Developed;Mahler, Bruce;Carter, Judy
Big Bust Out, The;Kendall, Tony;Carter, Karen
Fourth Protocol, The;Caine, Michael;Cassidy, Joanna
Gremlins 2: The New Batch;Galligan, Zach;Cates, Phoebe
Fast Times at Ridgemont High;Penn, Sean;Cates, Phoebe
Mannequin;McCarthy, Andrew;Cattrall, Kim
Rabid;Moore, Frank;Chambers, Marilyn
Party, The;Sellers, Peter;Champion, Marge
Vampire Raiders, Ninja Queen;Peterson, Chris;Chan, Agnes
Bloopers from Star Trek;Lawford, Peter;Channing, Carol
Destroyer;Robinson, Edward G.;Chapman, Marguerite
Party Girl;Taylor, Robert;Charisse, Cyd
Twin Peaks;MacLachlan, Kyle;Chen, Joan
Moonstruck;Cage, Nicholas;Cher
Witches of Eastwick, The;Nicholson, Jack;Cher
Moonraker;Moore, Roger;Chiles, Lois
Beat Street;Davis, Guy;Chong, Rae Dawn
Running Out of Luck;Jagger, Mick;Chong, Rae Dawn
Never on Tuesday;Lauer, Andrew;Christian, Claudia
Shampoo;Beatty, Warren;Christie, Julie
Power;Hackman, Gene;Christie, Julie
Darling;Harvey, Laurence;Christie, Julie
Ugly American, The;Brando, Marlon;Church, Sandra
Ambassador Bill;Rogers, Will;Churchill, Marguerite
Big Trail, The;Wayne, John;Churchill, Marguerite
Hombre;Newman, Paul;Cilento, Diane
Coogan's Bluff;Eastwood, Clint;Clark, Susan
Penn & Teller Get Killed;Penn, Jillette;Clarke, Caitlin
Shy People;Philbin, John;Clayburgh, Jill
It's My Turn;Douglas, Michael;Clayburgh, Jill
Dangerous Liaisons;Malkovich, John;Close, Glenn
Reversal of Fortune;Irons, Jeremy;Close, Glenn
Meeting Venus;Arestrup, Niels;Close, Glenn
Tomorrow Is Forever;Welles, Orson;Colbert, Claudette
Like Father Like Son;Cameron, Kirk;Colin, Margaret
Rope;Stewart, James;Collier, Constance
Road to Hong Kong;Hope, Bob;Collins, Joan
Shirley Valentine;Conti, Tom;Collins, Pauline
City of Joy;Swayze, Patrick;Collins, Pauline
Appaloosa, The;Brando, Marlon;Comer, Anjanette
Seven Minutes in Heaven;Thames, Byron;Connelly, Jennifer
Hearts of Darkness, A Filmmaker's Apocalypse;Bottoms, Sam;Coppola, Eleanor
Tonight for Sure;Lee, Karla;Cornell, Laura
White Hunter, Black Heart;Eastwood, Clint;Cornwell, Charlotte
Sundays & Cybele;Kruger, Hardy;Courcel, Nicole
Puppet Master;LeMat, Paul;Crampton, Barbara
Night Gallery;McDowall, Roddy;Crawford, Joan
Pet Sematary;Gwynne, Fred;Crosby, Denise
America's Music, Gospel;Phipps, Wentley;Crouch, Sandra
Slap Shot;Newman, Paul;Crouse, Lindsay
O. C. & Stiggs;Jenkins, Daniel H.;Curtin, Jane
A Fish Called Wanda;Cleese, John;Curtis, Jamie Lee
A Lesson in Love;Björnstrand, Gunnar;Dahlbeck, Eva
Brink of Life;Josephson, Erland;Dahlbeck, Eva
Betty Blue;Anglade, Jean-Hughes;Dalle, Béatrice
Hair;Savage, John;D'Angelo, Beverly
National Lampoon's Christmas Vacation;Chase, Chevy;D'Angelo, Beverly
Dersu Uzala, (The Hunter);Solomin, Yuri;Danilchenko, Svetlana
Alice;Baldwin, Alec;Danner, Blythe
Fifth Floor, The;Hopkins, Bo;D'Arbanville, Patti
Snow Kill;Knox, Terence;D'Arbanville, Patti
People, The;Shatner, William;Darby, Kim
True Grit;Wayne, John;Darby, Kim
Battle of Midway, The;Crisp, Donald;Darwell, Jane
Three Godfathers;Wayne, John;Darwell, Jane
Hush, Hush, Sweet Charlotte;Cotten, Joseph;Davis, Bette
A Stolen Life;Ford, Glenn;Davis, Bette
Old Maid, The;Brent, George;Davis, Bette
All about Eve;Sanders, George;Davis, Bette
Fly, The;Goldblum, Jeff;Davis, Geena
Quick Change;Murray, Bill;Davis, Geena
Lair of the White Worm, The;Grant, Hugh;Davis, Sammi
Rainbow, The;Hemmings, David;Davis, Sammi
Man Who Knew Too Much, The;Stewart, James;Day, Doris
Beauty & the Beast;Marais, Jean;Day, Josette
Foreign Correspondent;McCrea, Joel;Day, Laraine
Heiress, The;Richardson, Ralph;De Havilland, Olivia
Boy Who Could Fly, The;Underwood, Jay;Deakins, Lucy
Terrorists, The;Connery, Sean;Dean, Isabel
Wheel of Fortune;Wayne, John;Dee, Frances
Do the Right Thing;Aiello, Danny;Dee, Ruby
Court-Martial of Jackie Robinson, The;Braugher, Andre;Dee, Ruby
Elvira Madigan;Berggren, Thommy;Degermark, Pia
Hurricane Smith;Weathers, Carl;Delaney, Cassandra
Fair Game;Ford, Peter;Delaney, Cassandra
Rape of the Sabines, The;Moore, Roger;Demongeot, Mylene
Risky Business;Cruise, Tom;DeMornay, Rebecca
I Love All of You (Je Vous Aime);Depardieu, Gérard;Deneuve, Catherine
Love Songs;Lambert, Christopher;Deneuve, Catherine
Le Choix des Armes;Montand, Yves;Deneuve, Catherine
Choice of Arms;Montand, Yves;Deneuve, Catherine
March or Die;Hackman, Gene;Deneuve, Catherine
Last Metro, The;Depardieu, Gérard;Deneuve, Catherine
Jean de Florette;Montand, Yves;Depardieu, Elizabeth
Fat Man & Little Boy;Newman, Paul;Dern, Laura
Wild at Heart;Cage, Nicolas;Dern, Laura
Family Business;Connery, Sean;DeSoto, Rosana
Stand & Deliver;Olmos, Edward James;DeSoto, Rosana
Looker;Finney, Albert;Dey, Susan
Fire & Rain;Haid, Charles;Dickinson, Angie
Best of Candid Camera, The;Allen, Woody;Dickinson, Angie
Seven Sinners;Wayne, John;Dietrich, Marlene
Judgment at Nuremberg;Tracy, Spencer;Dietrich, Marlene
Minsky's Follies;Taylor, Rip;Diller, Phyllis
Novice, The;Sharif, Omar;Dombasle, Arielle
Wings of Desire;Ganz, Bruno;Dommartin, Solveig
Until the End of the World;Hurt, William;Dommartin, Solveig
Castaway;Reed, Oliver;Donohoe, Amanda
Alfred Hitchcock Presents, Sorcerer's Apprentice;Hitchcock, Alfred;Dors, Diana
Delicatessen;Benezech, Pascal;Dougnac, Marie-Laure
Great Train Robbery, The;Connery, Sean;Down, Lesley-Anne
Hanover Street;Ford, Harrison;Down, Lesley-Anne
Hunchback;Hopkins, Anthony;Down, Lesley-Anne
My Darling Clementine;Fonda, Henry;Downs, Cathy
Wagon Master;Johnson, Ben;Dru, Joanne
She Wore a Yellow Ribbon;Wayne, John;Dru, Joanne
Fantasy Man;Hopkins, Harold;Drynan, Jeanie
Monster in the Closet;Grant, Donald;DuBarry, Denise
Double Edge;Eban, Abba;Dunaway, Faye
Network;Finch, Peter;Dunaway, Faye
Chinatown;Nicholson, Jack;Dunaway, Faye
Three Days of the Condor;Redford, Robert;Dunaway, Faye
Voyage of the Damned;Sydow, Max von;Dunaway, Faye
Barfly;Rourke, Mickey;Dunaway, Faye
Wait Until Spring, Bandini;Mantegna, Joe;Dunaway, Faye
Life with Father;Powell, William;Dunne, Irene
A Guy Named Joe;Tracy, Spencer;Dunne, Irene
Stavisky;Belmondo, Jean-Paul;Duperey, Anny
Time Bandits;Cleese, John;Duvall, Shelley
Shining, The;Nicholson, Jack;Duvall, Shelley
Flame of Barbary Coast;Wayne, John;Dvorak, Ann
Naked Truth, The;Sellers, Peter;Eaton, Shirley
Brood, The;Reed, Oliver;Eggar, Samantha
Molly Maguires, The;Connery, Sean;Eggar, Samantha
Beverly Hills Cop;Murphy, Eddie;Eilbacher, Lisa
Blind Man's Bluff;Urich, Robert;Eilbacher, Lisa
La Dolce Vita;Mastroianni, Marcello;Ekberg, Anita
After the Fox;Sellers, Peter;Ekland, Britt
Man with the Golden Gun, The;Moore, Roger;Ekland, Britt
Marbella;Taylor, Rod;Ekland, Britt
Bobo, The;Sellers, Peter;Ekland, Britt
Big Bands, The;Beneke, Tex;Elgart, Les
Killer Image.;Ironside, Michael;Errickson, Krista
Kandyland;Laulette, Charles;Evenson, Kim
Campus Man;Dye, John;Fairchild, Morgan
Jubal;Ford, Glenn;Farr, Felicia
Purple Rose of Cairo, The;Aiello, Danny;Farrow, Mia
Broadway Danny Rose;Allen, Woody;Farrow, Mia
Husbands & Wives;Allen, Woody;Farrow, Mia
Hannah & Her Sisters;Caine, Michael;Farrow, Mia
Hurricane;Robards, Jason;Farrow, Mia
Between Two Women;Nouri, Michael;Fawcett, Farrah
Cannonball Run, The;Reynolds, Burt;Fawcett, Farrah
Doughnuts & Society;Nugent, Eddie;Fazenda, Louise
Holocaust;Bottoms, Joseph;Feldshuh, Tovah
Meridian;Jamieson, Malcolm;Fenn, Sherilyn
Diary of a Hitman;Whitaker, Forest;Fenn, Sherilyn
Gor;Reed, Oliver;Ferratti, Rebecca
Surrender;Caine, Michael;Field, Sally
Places in the Heart;Harris, Ed;Field, Sally
Not Without My Daughter;Molina, Alfred;Field, Sally
Heroes;Winkler, Henry;Field, Sally
Absence of Malice;Newman, Paul;Field, Sally
Norma Rae;Bridges, Beau;Field, Sally
Steel Magnolias;Skerritt, Tom;Field, Sally
Burbs, The;Hanks, Tom;Fisher, Carrie
Empire Strikes Back, The;Hamill, Mark;Fisher, Carrie
Star Wars;Hamill, Mark;Fisher, Carrie
Return of the Jedi;Hamill, Mark;Fisher, Carrie
Hear My Song;Dunbar, Adrian;Fitzgerald, Tara
Slightly Scarlet;Payne, John;Fleming, Rhonda
Gunfight at the OK Corral;Lancaster, Burt;Fleming, Rhonda
Range Feud, The;Wayne, John;Fleming, Susan
Bloodsucking Pharaohs in Pittsburgh;Dengel, Jake;Fletcher, Suzanne
Roma;Gonzales, Peter;Florence, Fiona
China Syndrome, The;Douglas, Michael;Fonda, Jane
Morning After, The;Bridges, Jeff;Fonda, Jane
Klute;Sutherland, Donald;Fonda, Jane
Electric Horseman, The;Redford, Robert;Fonda, Jane
Cat Ballou;Marvin, Lee;Fonda, Jane
Coming Home;Voight, Jon;Fonda, Jane
Rebecca;Olivier, Laurence;Fontaine, Joan
Jane Eyre;Welles, Orson;Fontaine, Joan
Stacey!;Randall, Anne;Ford, Anitra
Naked Obsession;Katt, William;Ford, Maria
Stripped to Kill II, Live Girls;Lottimer, Ed;Ford, Maria
Rain Killer, The;Sharkey, Ray;Ford, Maria
Valley Girl;Cage, Nicolas;Foreman, Deborah
Silence of the Lambs, The;Hopkins, Anthony;Foster, Jodie
Stealing Home;Harmon, Mark;Foster, Jodie
Napoleon & Samantha;Douglas, Michael;Foster, Jodie
Five Corners;Robbins, Tim;Foster, Jodie
Blackboard Jungle, The;Ford, Glenn;Francis, Anne
My Left Foot;Day-Lewis, Daniel;Fricker, Brenda
Back to the Beach;Avalon, Frankie;Funicello, Annette
Painted Veil, The;Marshall, Herbert;Garbo, Greta
Inspiration;Apfel, Oscar;Garbo, Greta
Anna Christie;Bickford, Charles;Garbo, Greta
Flesh & the Devil, The;Gilbert, John;Garbo, Greta
Woman of Affairs;Gilbert, John;Garbo, Greta
Anna Karenina;March, Fredric;Garbo, Greta
Camille;Taylor, Robert;Garbo, Greta
Mata Hari;Novarro, Ramon;Garbo, Greta
Wild Orchids;Stone, Lewis;Garbo, Greta
Grand Hotel;Barrymore, John;Garbo, Greta
Susan Lennox, Her Fall & Rise;Hale, Alan;Garbo, Greta
Ninotchka;Douglas, Melvyn;Garbo, Greta
Queen Christina;Gilbert, John;Garbo, Greta
Mysterious Lady, The;Nagel, Conrad;Garbo, Greta
Joyless Street;Stuart, Henry;Garbo, Greta
Single Standard, The;Asther, Nils;Garbo, Greta
As You Desire Me;Douglas, Melvyn;Garbo, Greta
Romance;Stone, Lewis;Garbo, Greta
A Child Is Waiting;Lancaster, Burt;Garland, Judy
Tootsie;Hoffman, Dustin;Garr, Teri
Let It Ride;Dreyfuss, Richard;Garr, Teri
Julius Caesar;Brando, Marlon;Garson, Greer
Nineteen Forty-One;Belushi, John;Gary, Lorraine
Jaws;Scheider, Roy;Gary, Lorraine
Hot Pursuit;Cusack, John;Gazelle, Wendy
Triumph of the Spirit;Dafoe, Willem;Gazelle, Wendy
Brannigan;Wayne, John;Geeson, Judy
Buffet Froid;Depardieu, Gérard;Gence, Denise
Salvador;Woods, James;Gibb, Cynthia
Horse Soldiers, The;Wayne, John;Gibson, Althea
Long John Silver;Newton, Robert;Gilchrist, Connie
Hustler, The;Newman, Paul;Gleason, Jackie
Star Chamber, The;Douglas, Michael;Gless, Sharon
Clara's Heart;Ontkean, Michael;Goldberg, Whoopi
Burglar;Goldthwait, Bob;Goldberg, Whoopi
Comic Relief;Crystal, Billy;Goldberg, Whoopi
Bloodbrothers;Sorvino, Paul;Goldoni, Lelia
Rain Man;Hoffman, Dustin;Golino, Valeria
Masculine Feminine;Leaud, Jean-Pierre;Goya, Chantal
Outer Limits, The;Perrin, Vic;Grahame, Gloria
Mama's Dirty Girls;Currie, Sondra;Grahame, Gloria
Last Ride of the Dalton Gang, The;Palance, Jack;Greenbush, Lindsay
Why Me?;Lambert, Christopher;Greist, Kim
Number Seventeen;Lion, Leon M.;Grey, Anne
Manhunter;Petersen, William L.;Griest, Kim
Bonfire of the Vanities, The;Hanks, Tom;Griffith, Melanie
Working Girl;Ford, Harrison;Griffith, Melanie
Shining Through;Douglas, Michael;Griffith, Melanie
Slumber Party Massacre III;Christian, Keely;Grye, Brittain
Tokyo Pop;Tadokoro, Yutaka;Hamilton, Carrie
Terminator 2;Schwarzenegger, Arnold;Hamilton, Linda
Terminator, The;Schwarzenegger, Arnold;Hamilton, Linda
King Kong Lives!;Kerwin, Brian;Hamilton, Linda
Those Daring Young Men in Their Jaunty;Curtis, Tony;Hampshire, Susan
At Play in the Fields of the Lord;Berenger, Tom;Hannah, Daryl
Crazy People;Moore, Dudley;Hannah, Daryl
Memoirs of an Invisible Man;Chase, Chevy;Hannah, Daryl
Clan of the Cave Bear, The;Remar, James;Hannah, Daryl
Final Terror, The;Zmed, Adrian;Hannah, Daryl
Reckless;Quinn, Aidan;Hannah, Daryl
High Spirits;O'Toole, Peter;Hannah, Daryl
Roxanne;Martin, Steve;Hannah, Daryl
Blade Runner;Ford, Harrison;Hannah, Daryl
Wall Street;Douglas, Michael;Hannah, Daryl
Pope of Greenwich Village;Rourke, Mickey;Hannah, Daryl
After School;Bottoms, Sam;Hannah, Page
Flaming Frontiers;Brown, Johnny Mack;Hansen, Eleanor
Libeled Lady;Powell, William;Harlow, Jean
Inserts;Dreyfuss, Richard;Harper, Jessica
Blue Iguana, The;McDermott, Dylan;Harper, Jessica
Tender Mercies;Duvall, Robert;Harper, Tess
Nights in White Satin;Gilman, Kenneth;Harris, Priscilla
Videodrome;Woods, James;Harry, Deborah
Intimate Stranger;Russo, James;Harry, Deborah
Highlander;Lambert, Christopher;Hart, Roxanne
Bodycount;White, Bernie;Hassett, Marilyn
Tango & Cash;Stallone, Sylvester;Hatcher, Teri
There's a Girl in My Soup;Sellers, Peter;Hawn, Goldie
Swing Shift;Russell, Kurt;Hawn, Goldie
Foul Play;Chase, Chevy;Hawn, Goldie
Best Friends;Reynolds, Burt;Hawn, Goldie
Butterflies Are Free;Albert, Edward;Hawn, Goldie
Overboard;Russell, Kurt;Hawn, Goldie
Girl from Petrovka, The;Holbrook, Hal;Hawn, Goldie
Housesitter;Martin, Steve;Hawn, Goldie
Wildcats;Keach, James;Hawn, Goldie
Protocol;Sarandon, Chris;Hawn, Goldie
Seems Like Old Times;Chase, Chevy;Hawn, Goldie
Sugarland Express, The;Johnson, Ben;Hawn, Goldie
Private Benjamin;Assante, Armand;Hawn, Goldie
Deceived;Heard, John;Hawn, Goldie
Arrowsmith;Colman, Ronald;Hayes, Helen
Say Goodbye Maggie Cole;McGavin, Darren;Hayward, Susan
Circus World;Wayne, John;Hayworth, Rita
Affair in Trinidad;Ford, Glenn;Hayworth, Rita
Lady from Shanghai;Welles, Orson;Hayworth, Rita
Lady in Question;Aherne, Brian;Hayworth, Rita
Gilda;Ford, Glenn;Hayworth, Rita
Loves of Carmen, The;Ford, Glenn;Hayworth, Rita
Dick Tracy;Beatty, Warren;Headley, Glenne
Marnie;Connery, Sean;Hedren, Tippi
Hot Child in the City;Prysirr, Geof;Hendrix, Leah Ayres
Johnny Dangerously;Piscopo, Joe;Henner, Marilu
Stark;Surovy, Nicolas;Henner, Marilu
Three Strange Loves;Malmsten, Birger;Henning, Eva
My Fair Lady;Harrison, Rex;Hepburn, Audrey
Unforgiven, The;Lancaster, Burt;Hepburn, Audrey
Robin & Marian;Connery, Sean;Hepburn, Audrey
Children's Hour, The;Garner, James;Hepburn, Audrey
Rainmaker, The;Lancaster, Burt;Hepburn, Katharine
Pat & Mike;Tracy, Spencer;Hepburn, Katharine
Lion in Winter, THe;O'Toole, Peter;Hepburn, Katharine
Sea of Grass, The;Tracy, Spencer;Hepburn, Katharine
Guess Who's Coming to Dinner;Tracy, Spencer;Hepburn, Katharine
Desk Set;Tracy, Spencer;Hepburn, Katharine
Rooster Cogburn;Wayne, John;Hepburn, Katharine
On Golden Pond;Fonda, Henry;Hepburn, Katharine
Adam's Rib;Tracy, Spencer;Hepburn, Katharine
Boom Town;Tracy, Spencer;Hepburn, Katharine
Dragon Seed;Tracy, Spencer;Hepburn, Katharine
Little Women;Tracy, Spencer;Hepburn, Katharine
Philadelphia Story, The;Tracy, Spencer;Hepburn, Katharine
Without Love;Tracy, Spencer;Hepburn, Katharine
Woman of the Year;Tracy, Spencer;Hepburn, Katharine
Juice;Shakur, Tupac;Herron, Cindy
Hoosiers;Hackman, Gene;Hershey, Barbara
Tin Men;Dreyfuss, Richard;Hershey, Barbara
Last Temptation of Christ, The;Dafoe, Willem;Hershey, Barbara
Paris Trout;Hopper, Dennis;Hershey, Barbara
Souvenir;Plummer, Christopher;Hicks, Catherine
A Man for All Seasons;Shaw, Robert;Hiller, Wendy
Knights & Emeralds;Leadbitter, Bill;Hills, Beverly
Masque of the Red Death;MacNee, Patrick;Hoak, Clare
Adventures of Smilin' Jack, The;Brown, Tom;Hobart, Rose
Adventures in Dinosaur City;Katz, Omri;Hoffman, Shawn
Allnighter, The;Terlesky, John;Hoffs, Susanna
Caddyshack;Chase, Chevy;Holcomb, Sarah
Tom Sawyer;Whitaker, Johnny;Holm, Celeste
Rita, Sue & Bob Too;Finneran, Siohban;Holmes, Michelle
Hawk of Powder River;Dean, Eddie;Holt, Jennifer
Tempest;Barrymore, John;Horn, Camilla
Running Mates;Webb, Greg;Howard, Barbara
Prettykill;Birney, David;Hubley, Season
Judge Priest;Rogers, Will;Hudson, Rochelle
Harvey;Stewart, James;Hull, Josephine
If Looks Could Kill;Grieco, Richard;Hunt, Linda
Raising Arizona;Cage, Nicolas;Hunter, Holly
Once Around;Dreyfuss, Richard;Hunter, Holly
Loulou;Depardieu, Gérard;Huppert, Isabelle
World According to Garp, The;Williams, Robin;Hurt, Mary Beth
Virus;Kennedy, George;Hussey, Olivia
Northwest Passage;Tracy, Spencer;Hussey, Ruth
Gardens of Stone;Caan, James;Huston, Anjelica
Enemies, a Love Story;Silver, Ron;Huston, Anjelica
Addams Family, The;Julia, Raul;Huston, Anjelica
Freaks;Ford, Wallace;Hyams, Leila
Necessary Roughness;Bakula, Scott;Ireland, Kathy
A Show of Force;Garcia, Andy;Irving, Amy
Competition, The;Dreyfuss, Richard;Irving, Amy
Crossing Delancey;Riegert, Peter;Irving, Amy
State of Things, The;Kime, Jeffrey;Isabelle Weingarten.
Business As Usual;Thaw, John;Jackson, Glenda
A Touch of Class;Segal, George;Jackson, Glenda
Women in Love.;Bates, Alan;Jackson, Glenda
Salome's Last Dance;Johns, Stratford;Jackson, Glenda
Casino;Connors, Mike;Jackson, Sherry
Smiles of a Summer Night;Björnstrand, Gunnar;Jacobsson, Ulla
New Year's Day;Jaglom, Henry;Jakobsen, Maggie
Mephisto;Brandauer, Klaus Maria;Janda, Krystyna
Easy Virtue;Dyall, Franklin;Jeans, Isabel
Swing It Sailor!;Ford, Wallace;Jewell, Isabel
Strictly Business;Davidson, Tommy;Johnson, Anne-Marie
Blame It on Rio;Caine, Michael;Johnson, Michelle
Straight to Hell;Hopper, Dennis;Jones, Grace
A View to a Kill;Moore, Roger;Jones, Grace
American Anthem;Gaylord, Mitch;Jones, Janet
Bedtime Story;Brando, Marlon;Jones, Shirley
Courtship of Eddie's Father, The;Howard, Ron;Jones, Shirley
Night Train to Katmandu, THe;Roberts, Pernell;Jovovich, Milla
Port of Call;Eklund, Bengt;Jönsson, Nine-Christine
Paper Moon;O'Neal, Ryan;Kahn, Madeline
Yellowbeard;Chapman, Graham;Kahn, Madeline
Adventures of Sherlock Holmes' Smarter;Wilder, Gene;Kahn, Madeline
Flashback;Hopper, Dennis;Kane, Carol
World's Greatest Lover, The;Wilder, Gene;Kane, Carol
Killer's Kiss;Silvera, Frank;Kane, Irene
Deceivers, The;Brosnan, Pierce;Kapoor, Shashi
Breathless;Gere, Richard;Kaprisky, Valerie
Born on the Fourth of July;Cruise, Tom;Kava, Caroline
Awakenings;De Niro, Robert;Kavner, Julie
Annie Hall;Allen, Woody;Keaton, Diane
Manhattan;Allen, Woody;Keaton, Diane
Reds;Beatty, Warren;Keaton, Diane
Crimes of the Heart;Shepard, Sam;Keaton, Diane
Looking for Mr. Goodbar;Atherton, William;Keaton, Diane
Godfather, The;Brando, Marlon;Keaton, Diane
Godfather, Pt 2., The;Pacino, Al;Keaton, Diane
I Will, I Will...For Now;Gould, Elliott;Keaton, Diane
Play It Again, Sam;Allen, Woody;Keaton, Diane
Love & Death;Allen, Woody;Keaton, Diane
Sleeper;Allen, Woody;Keaton, Diane
Fellini Satyricon;Potter, Martin;Keller, Hiram
Formula, The;Scott, George C.;Keller, Marthe
Black Sunday;Shaw, Robert;Keller, Marthe
Bobby Deerfield;Pacino, Al;Keller, Marthe
Last of the Red Hot Lovers;Arkin, Alan;Kellerman, Sally
Mogambo;Gable, Clark;Kelly, Grace
To Catch a Thief;Grant, Cary;Kelly, Grace
Rear Window;Stewart, James;Kelly, Grace
Woman Who Came Back;Kruger, Otto;Kelly, Nancy
Stanley & Livingstone;Tracy, Spencer;Kelly, Nancy
Bad Seed, The;Jones, Henry;Kelly, Nancy
Lethal Weapon 2;Gibson, Mel;Kensit, Patsy
Blame It on the Bellboy;Moore, Dudley;Kensit, Patsy
Drop Kick, The;Barthelmess, Richard;Kent, Barbara
Superman, The Movie;Brando, Marlon;Kidder, Margot
Superman IV: The Quest for Peace;Reeve, Christopher;Kidder, Margot
Quackser Fortune Has a Cousin in the Bronx;Wilder, Gene;Kidder, Margot
Dead Calm;Neill, Sam;Kidman, Nicole
Days of Thunder;Cruise, Tom;Kidman, Nicole
My Life As a Dog;Glanzelius, Anton;Kinnaman, Melinda
Moon in the Gutter, The;Depardieu, Gérard;Kinski, Nastassia
Paris, Texas;Stanton, Harry Dean;Kinski, Nastassia
Unfaithfully Yours;Moore, Dudley;Kinski, Nastassia
Bullseye!;Caine, Michael;Kirkland, Sally
Erik the Viking;Robbins, Tim;Kitt, Eartha
Dragonard;Reed, Oliver;Kitt, Eartha
Hard Choices;McCleery, Gary;Klenck, Margaret
Rain People, The;Caan, James;Knight, Shirley
A Year of the Quiet Sun;Wilson, Scott;Komorowska, Maja
Desert Trail, The;Wayne, John;Kornman, Mary
Almost an Angel;Hogan, Paul;Kozlowski, Linda
Crocodile Dundee;Hogan, Paul;Kozlowski, Linda
American Friend, The;Hopper, Dennis;Kreuzer, Lisa
See You in the Morning;Bridges, Jeff;Krige, Alice
Arrogant, The;Graham, Gary;Kristel, Sylvia
Dracula's Widow;Sommer, Josef;Kristel, Sylvia
Ninja Masters of Death;Peterson, Chris;Kruize, Kelly
Mystery Train;Nagase, Masatoshi;Kudoh, Youki
Go Tell the Spartans;Lancaster, Burt;Kumagai, Denice
True Stories;Goodman, John;Kurtz, Swoosie
Ugetsu Monogatari;Mori, Masayuki;Kyô, Machiki
Rebel Rousers;Nicholson, Jack;Ladd, Diane
Plain Clothes;Howard, Arliss;Ladd, Diane
Whose Life Is It, Anyway?;Dreyfuss, Richard;Lahti, Christine
Running on Empty;Hirsch, Judd;Lahti, Christine
Funny about Love;Wilder, Gene;Lahti, Christine
A Chorus Line, The Movie;Douglas, Michael;Landers, Audrey
Stewardess School;Most, Donald;Landers, Judy
Big Town, The;Dillon, Matt;Lane, Diane
Rumble Fish;Dillon, Matt;Lane, Diane
Outsiders, The;Howell, C. Thomas;Lane, Diane
Priceless Beauty;Lambert, Christopher;Lane, Diane
Streets of Fire;Paré, Michael;Lane, Diane
Men Don't Leave;Howard, Arliss;Lange, Jessica
Everybody's All American;Quaid, Dennis;Lange, Jessica
Cape Fear;De Niro, Robert;Lange, Jessica
Postman Always Rings Twice, The;Nicholson, Jack;Lange, Jessica
Crashing Thru;Wilson, Whip;Larson, Christine
Get Out Your Handkerchiefs;Depardieu, Gérard;Laure, Carole
Boy Friend, THe;Gable, Christopher;Lawson, Twiggy
Hard To Kill;Seagal, Steven;LeBrock, Kelly
Psycho;Perkins, Anthony;Leigh, Janet
Jet Pilot;Wayne, John;Leigh, Janet
Under Cover;Neidorf, David;Leigh, Jennifer Jason
A Streetcar Named Desire;Brando, Marlon;Leigh, Vivien
Golden Child, The;Murphy, Eddie;Lewis, Charlotte
Statue, The;Niven, David;Lisi, Virna
Christopher Columbus;Byrne, Gabriel;Lisi, Virna
In Country;Willis, Bruce;Lloyd, Emily
Wild Geese, The;Burton, Richard;Lloyd, Rosalind
Second Coming of Suzanne., The;Dreyfuss, Richard;Locke, Sondra
Bronco Billy;Eastwood, Clint;Locke, Sondra
Gauntlet, The;Eastwood, Clint;Locke, Sondra
Ratboy;Townsend, Robert;Locke, Sondra
Lady Vanishes;Redgrave, Michael;Lockwood, Margaret
Kitchen Toto, THe;Peck, Bob;Logan, Phyllis
Carlton-Browne of the F.O.;Terry-Thomas;Lohr, Marie
Racketeer;Armstrong, Robert;Lombard, Carole
Mr. & Mrs. Smith;Montgomery, Robert;Lombard, Carole
Alrededor de Medianoche;Francois Cluzet;Lonette McKee
Losin' It;Cruise, Tom;Long, Shelley
Into the Homeland;Boothe, Powers;Longstreth, Emily
Boxing Babes;Nichol, Robin;Lords, Traci
Shock 'em Dead;Donahue, Troy;Lords, Traci
Heller in Pink Tights;Quinn, Anthony;Loren, Sophia
Two Women;Belmondo, Jean-Paul;Loren, Sophia
Gold of Naples, The;De Sica, Vittorio;Loren, Sophia
Yesterday, Today & Tomorrow;Mastroianni, Marcello;Loren, Sophia
Legend of the Lost;Wayne, John;Loren, Sophia
Brass Target;Cassavetes, John;Loren, Sophia
Fall of the Roman Empire, The;Boyd, Stphen;Loren, Sophia
El Cid;Heston, Charlton;Loren, Sophia
Desire under the Elms;Perkins, Anthony;Loren, Sophia
Two Nights with Cleo;Sordi, Alberto;Loren, Sophia
Black Orchid, The;Quinn, Anthony;Loren, Sophia
Angela;Railsback, Steve;Loren, Sophia
A Special Day;Mastroianni, Marcello;Loren, Sophia
Blood Feud;Mastroianni, Marcello;Loren, Sophia
Sophia Loren, Her Own Story;Gavin, John;Loren, Sophia
Running Away;Loggia, Robert;Loren, Sophia
Man of La Mancha;O'Toole, Peter;Loren, Sophia
Operation Crossbow;Peppard, George;Loren, Sophia
Courage;Williams, Billy Dee;Loren, Sophia
RAD;Allen, Bill;Loughlin, Lori
Secret Admirer;Howell, C. Thomas;Loughlin, Lori
Cocaine Cowboys;Palance, Jack;Love, Suzanna
Test Pilot;Gable, Clark;Loy, Myrna
Ape Man, The;Ford, Wallace;Lugosi, Bela
Mission, The;De Niro, Robert;Lunghi, Cherie
Curly Sue;Belushi, Jim;Lynch, Kelly
Lolita;Mason, James;Lyon, Sue
Sex, Lies, and Videotape;Spader, James;MacDowell, Andie
Green Card;Depardieu, Gérard;MacDowell, Andie
Gator Bait II;Muzzcat, Paul;MacKenzie, Jan
Being There;Sellers, Peter;MacLaine, Shirley
Terms of Endearment;Nicholson, Jack;MacLaine, Shirley
Woman Times Seven;Sellers, Peter;MacLaine, Shirley
Bliss of Mrs. Blossom, The;Booth, James;MacLaine, Shirley
Postcards from the Edge;Quaid, Dennis;MacLaine, Shirley
Two Mules for Sister Sara;Eastwood, Clint;MacLaine, Shirley
Dragonfight;Z'Dar, Robert;MacLaren, Fawna
Back Door to Heaven;Ford, Wallace;MacMahon, Aline
Ciao Italia, Madonna Live from Italy;;Madonna
Madonna, Truth or Dare;;Madonna
A Certain Sacrifice;Pattnosh, Jeremy;Madonna
National Enquirer, The Untold Story;White, Vanna;Madonna
Immaculate Collection, The;;Madonna
Madonna Live, The Virgin Tour;;Madonna
Madonna, Justify My Love;;Madonna
Madonna, Like a Virgin;;Madonna
Hot to Trot;Goldthwait, Bob;Madsen, Virginia
Fire with Fire;Sheffer, Craig;Madsen, Virginia
Hot Spot;Johnson, Don;Madsen, Virginia
Amarcord;Noel, Magali;Maggio, Pupella
Casablanca Express;Connery, Jason;Maneri, Luisa
Out of the Blue;Hopper, Dennis;Manz, Linda
Sands of Iwo Jima;Wayne, John;Mara, Adele
Hand, The;Caine, Michael;Marcovicci, Andrea
Deep Cover;Conti, Tom;Markham, Kika
Il Bidone;Crawford, Broderick;Masina, Guilietta
El Guerrero Solitario;Eastwood, Clint;Mason, Marsha
Heartbreak Ridge;Eastwood, Clint;Mason, Marsha
Goodbye Girl, The;Dreyfuss, Richard;Mason, Marsha
Audrey Rose;Hopkins, Anthony;Mason, Marsha
Polyester;Divine;Massey, Edith
Robin Hood: Prince of Thieves;Costner, Kevin;Mastrantonio, Mary Elizabeth
White Sands;Dafoe, Willem;Mastrantonio, Mary Elizabeth
Color of Money, The;Newman, Paul;Mastrantonio, Mary Elizabeth
Children of a Lesser God;Hurt, William;Matlin, Marlee
Matador;Banderas, Antonio;Maura, Carmen
Women on the Verge of a Nervous Breakdown;Banderas, Antonio;Maura, Carmen
Pepi Luci Bom;Rotaeta, Félix;Maura, Carmen
Forgotten, The;Carradine, Keith;Maynard, Mimi
Flame & the Arrow, The;Lancaster, Burt;Mayo, Virginia
After the Shock;Kotto, Yaphet;McClanahan, Rue
Modern Love;Benson, Robby;McClanahan, Rue
Riff Raff;Carlyle, Robert;McCourt, Emer
Glory Stompers, The;Hopper, Dennis;McCrea, Jody
Dances with Wolves;Costner, Kevin;McDonnell, Mary
Matewan;Jones, James Earl;McDonnell, Mary
Mississippi Burning;Hackman, Gene;McDormand, Frances
Eiger Sanction, The;Eastwood, Clint;McGee, Vonetta
Unsettled Land;Shea, John;McGillis, Kelly
Cat Chaser;Weller, Peter;McGillis, Kelly
Accused, The;Coulson, Bernie;McGillis, Kelly
Winter People;Russell, Kurt;McGillis, Kelly
Reuben, Reuben;Conti, Tom;McGillis, Kelly
Made in Heaven;Hutton, Timothy;McGillis, Kelly
Top Gun;Cruise, Tom;McGillis, Kelly
Witness;Ford, Harrison;McGillis, Kelly
House on Carroll Street, The;Daniels, Jeff;McGillis, Kelly
Racing with the Moon;Penn, Sean;McGovern, Elizabeth
Lovesick;Moore, Dudley;McGovern, Elizabeth
She's Having a Baby;Hughes, Kevin Bacon;McGovern, Elizabeth
Greatest Story Ever Told, The;Sydow, Max von;McGuire, Dorothy
Hawks;Dalton, Timothy;McTeer, Janet
So Fine;O'Neal, Ryan;Melato, Mariangela
Paths of Glory;Douglas, Kirk;Menjou, Adolphe
Tom Jones;Ustinov, Peter;Mercouri, Melina
Sunshine Boys, The;Burns, George;Meredith, Lee
Caddyshack 2;Mason, Jackie;Merrill, Dina
Internal Affairs;Gere, Richard;Metcalf, Laurie
JFK;Costner, Kevin;Metcalf, Laurie
New Jack City;Snipes, Wesley;Michael Michele
Scenes from a Mall;Allen, Woody;Midler, Bette
Hope & Glory;Hayman, David;Miles, Sarah
Ryan's Daughter;Mitchum, Robert;Miles, Sarah
Man Who Loved Cat Dancing, The;Reynolds, Burt;Miles, Sarah
Man Who Shot Liberty Valance, The;Stewart, James;Miles, Vera
Dead-Bang;Johnson, Don;Miller, Penelope Ann
Big Top Pee-wee;Reubens, Paul;Miller, Penelope Ann
Time Machine, The;Taylor, Rod;Mimieux, Yvette
Cabaret;Grey, Joel;Minnelli, Liza
Arthur;Moore, Dudley;Minnelli, Liza
A Matter of Time;Boyer, Charles;Minnelli, Liza
New York, New York;De Niro, Robert;Minnelli, Liza
Nightmare on Elm Street, Pt. 5, The Dream Child;Englund, Robert;Minter, Kelly Jo
Fiendish Plot of Dr. Fu Manchu, The;Sellers, Peter;Mirren, Helen
Four American Composers;Cage, John;Monk, Meredith
Asphalt Jungle, The;Hayden, Sterling;Monroe, Marilyn
Ladies of the Chorus;Garr, Eddie;Monroe, Marilyn
How to Marry a Millionaire;Powell, William;Monroe, Marilyn
Hollywood Out-Takes & Rare Footage;Bogart, Humphrey;Monroe, Marilyn
Nothing But Trouble;Candy, John;Moore, Demi
Wisdom;Estevez, Emilio;Moore, Demi
One Crazy Summer;Cusack, John;Moore, Demi
We're No Angels;De Niro, Robert;Moore, Demi
No Small Affair;Cryer, Jon;Moore, Demi
Ghost;Swayze, Patrick;Moore, Demi
About Last Night;Lowe, Rob;Moore, Demi
Six Weeks;Moore, Dudley;Moore, Mary Tyler
Return of October;Ford, Glenn;Moore, Terry
Come Back, Little Sheba;Lancaster, Burt;Moore, Terry
Going Places;Depardieu, Gérard;Moreau, Jeanne
Monte Walsh;Marvin, Lee;Moreau, Jeanne
Mr. Arkadin;Welles, Orson;Mori, Paola
White of the Eye;Keith, David;Moriarty, Cathy
Producers, The;Wilder, Gene;Mostel, Zero
Front, The;Allen, Woody;Mostel, Zero
House of the Rising Sun;Annese, Frank;Moyer, Tawny
In a Shallow Grave;Biehn, Michael;Mueller, Maureen
Mc Q;Wayne, John;Muldaur, Diana
Lady from Louisiana;Wayne, John;Munson, Ona
Wait Until Spring Bandini;Mantegna, Joe;Muti, Ornella
Long Voyage Home, The;Wayne, John;Natwick, Mildred
Trouble with Harry, The;Forsythe, John;Natwick, Mildred
Encounters;Von Bergan, Raven;Navarro, Monica
Hud;Newman, Paul;Neal, Patricia
Operation Pacific;Wayne, John;Neal, Patricia
Surf Nazis Must Die;Brenner, Barry;Neely, Gail
Teahouse of the August Moon;Brando, Marlon;Negami, Jun
Back in the U.S.S.R.;Whaley, Frank;Negoda, Natalya
Man Who Haunted Himself, The;Moore, Roger;Neil, Hildegard
Prisoner of Honor.;Dreyfuss, Richard;Neilson, Catherine
Control;Lancaster, Burt;Nelligan, Kate
Desert Rider;Hoxie, Jack;Nelson, Evelyn
Wholly Moses!;Moore, Dudley;Newman, Laraine
Star Trek VI: The Undiscovered Country;Shatner, William;Nichols, Nichelle
Star Trek V: The Final Frontier;Shatner, William;Nichols, Nichelle
Circuitry Man;Metzler, Jim;Nicholson, Dana W.
Cobra;Stallone, Sylvester;Nielsen, Brigitte
Beverly Hills Cop II;Murphy, Eddie;Nielsen, Brigitte
Red Sonja;Schwarzenegger, Arnold;Nielsen, Brigitte
To Joy;Olin, Stig;Nilsson, Maj-Britt
Macbeth;Welles, Orson;Nolan, Jeanette
Vertigo;Stewart, James;Novak, Kim
Young Love: Lemon Popsicle Seven;Katzur, Yftach;Noy, Zachi
Crack-Up;Marshall, Herbert;O'Brien, Pat
Bury Me Not on the Lone Prairie;Brown, Johnny Mack;O'Day, Nell
Law & Order;Brown, Johnny Mack;O'Day, Nell
Man from Montana;Brown, Johnny Mack;O'Day, Nell
Long Gray Line, The;Power, Tyrone;O'Hara, Maureen
Rio Grande;Wayne, John;O'Hara, Maureen
Wings of Eagles, The;Wayne, John;O'Hara, Maureen
Jamaica Inn;Laughton, Charles;O'Hara, Maureen
Big Jake;Wayne, John;O'Hara, Maureen
Quiet Man, The;Wayne, John;O'Hara, Maureen
After the Rehearsal;Josephson, Erland;Olin, Lena
Big Jim McLain;Wayne, John;Olson, Nancy
Smith!;Ford, Glenn;Olson, Nancy
Wild One, The;Brando, Marlon;O'Malley, Pat
Manxman, The;Brisson, Carl;Ondra, Anny
International Velvet;Hopkins, Anthony;O'Neal, Tatum
Scanners;Lack, Stephen;O'Neill, Jennifer
Trick or Treat;Price, Marc;Orgolini, Lisa
48 Hrs.;Nolte, Nick;O'Toole, Annette
Trip to Bountiful, The;Heard, John;Page, Geraldine
Mister Roberts;Fonda, Henry;Palmer, Betsy
Z;Montand, Yves;Papas, Irene
Maurice;Wilby, James;Parfitt, Judy
Hamlet;Williamson, Nicol;Parfitt, Judy
La Femme Nikita;Karyo, Tcheky;Parillaud, Anne
Honeymoon in Vegas;Caan, James;Parker, Sarah Jessica
Going for the Gold;Edwards, Anthony;Parker, Sarah Jessica
Shout at the Devil;Marvin, Lee;Parkins, Barbara
A Smoky Mountain Christmas;Majors, Lee;Parton, Dolly
Getting Physical;Naughton, David;Paul, Alexandra
Torn Apart;Pasdar, Adrian;Peck, Cecilia
From the Hip;Nelson, Judd;Perkins, Elizabeth
Ratings Game, The;DeVito, Danny;Perlman, Rhea
Class Act;Reid, Christopher;Perlman, Rhea
Water;Caine, Michael;Perrine, Valerie
Silent Movie;Brooks, Mel;Peters, Bernadette
Pink Cadillac;Eastwood, Clint;Peters, Bernadette
Jerk, The;Martin, Steve;Peters, Bernadette
Wild Times;Elliott, Sam;Peyser, Penny
Sweet Liberty;Alda, Alan;Pfeiffer, Michelle
Grease II;Caulfield, Maxwell;Pfeiffer, Michelle
Married to the Mob;Modine, Matthew;Pfeiffer, Michelle
Ladyhawke;Broderick, Matthew;Pfeiffer, Michelle
Fabulous Baker Boys, The;Bridges, Jeff;Pfeiffer, Michelle
Into the Night;Goldblum, Jeff;Pfeiffer, Michelle
Russia House, The;Connery, Sean;Pfeiffer, Michelle
Tequila Sunrise;Gibson, Mel;Pfeiffer, Michelle
B. A. D. Cats;Morrow, Vic;Pfeiffer, Michelle
Last Movie, The;Hopper, Dennis;Phillips, Michelle
Dillinger;Oates, Warren;Phillips, Michelle
Little Dorrit;Jacobi, Derek;Pickering, Sarah
My Best Girl;Rogers, Charles;Pickford, Mary
Seizure;Frid, Jonathan;Pickles, Christina
A Chorus of Disapproval;Irons, Jeremy;Pigg, Alexandra
Rome Adventure;Donahue, Tony;Pleshette, Suzanne
Drowning by Numbers;Hill, Bernard;Plowright, Joan
Born to Ride;Stamos, John;Polo, Teri
Her Alibi;Selleck, Tom;Porizkova, Paulina
Glitz;Smits, Jimmy;Post, Markie
Dangerous Pursuit;Harrison, Gregory;Powers, Alexandra
Experiment in Terror;Ford, Glenn;Powers, Stefanie
Hideaways, The;Doran, Johnny;Prager, Sally
What's New Pussycat;O'Toole, Peter;Prentiss, Paula
What's New Pussycat?;Sellers, Peter;Prentiss, Paula
Packin' It In;Benjamin, Richard;Prentiss, Paula
Naked Gun: From the Files of Police Squad!, THe;Nielsen, Leslie;Presley, Priscilla
In Too Deep;Race, Hugo;Press, Santha
Twins;Schwarzenegger, Arnold;Preston, Kelly
Experts, The;Travolta, John;Preston, Kelly
Naked Lie;Lucking, William;Principal, Victoria
Mistress;Rachins, Allan;Principal, Victoria
Pleasure Palace;Sharif, Omar;Principal, Victoria
Adam at 6 A.M.;Douglas, Michael;Purcell, Lee
Web of Deceit;Read, James;Purl, Linda
New York Stories;Allen, Woody;Questel, Mae
Dreams Lost, Dreams Found;Robb, David;Quinlan, Kathleen
Au Revoir les Enfants;Manesse, Gaspard;Racette, Francine
Quo Vadis;Brandauer, Klaus Maria;Raines, Cristina
Fighting Kentuckian, The;Wayne, John;Ralston, Vera
Zardoz;Connery, Sean;Rampling, Charlotte
Police Academy 6: City under Siege;Smith, Bubba;Ramsey, Marion
Police Academy 5: Assignment Miami Beach;Gaynes, George;Ramsey, Marion
Police Academy 3: Back in Training;Guttenberg, Steve;Ramsey, Marion
America's Music, Blues;Hopkins, Linda;Redd, Vi
Julia;Fonda, Vanessa;Redgrave, Jane
Devils, The;Reed, Oliver;Redgrave, Vanessa
Ransom;Ford, Glenn;Reed, Donna
Cadillac Man;Williams, Robin;Reed, Pamela
Best of Times, The;Williams, Robin;Reed, Pamela
Death of a Salesman;Hoffman, Dustin;Reid, Kate
It Started with a Kiss;Ford, Glenn;Reynolds, Debbie
Money, The;Luckinbill, Laurence;Richards, Elizabeth
Empire of the Sun;Malkovich, John;Richardson, Miranda
Comfort of Strangers, The;Walken, Christopher;Richardson, Natasha
On Her Majesty's Secret Service;Lazenby, George;Rigg, Diana
Pretty in Pink;Stanton, Harry Dean;Ringwald, Molly
PK. & the Kid.;LeMat, Paul;Ringwald, Molly
Lone Star Trail, The;Brown, Johnny Mack;Ritter, Tex
Summer;Gauthier, Vincent;Riviere, Marie
Planes, Trains & Automobiles;Martin, Steve;Robbins, Laila
Pretty Woman;Gere, Richard;Roberts, Julia
Flatliners;Sutherland, Kiefer;Roberts, Julia
Hook;Williams, Robin;Roberts, Julia
Riders of Pasco Basin;Brown, Johnny Mack;Robinson, Frances
Gotta Dance, Gotta Sing;Astaire, Fred;Rogers, Ginger
Desperate Hours;Rourke, Mickey;Rogers, Mimi
Gung Ho;Keaton, Michael;Rogers, Mimi
Shooting Elizabeth;Goldblum, Jeff;Rogers, Mimi
Strangers on a Train;Granger, Farley;Roman, Ruth
Sacketts, The;Elliott, Sam;Roman, Ruth
To Die Standing;De Young, Cliff;Rose, Jamie
Rodeo Girl;Hopkins, Bo;Ross, Katharine
Butch Cassidy & the Sundance Kid;Newman, Paul;Ross, Katharine
Hellfighters;Wayne, John;Ross, Katharine
Final Countdown, The;Douglas, Kirk;Ross, Katharine
Blue Velvet;MacLachlan, Kyle;Rossellini, Isabella
Cousins;Danson, Ted;Rossellini, Isabella
Black & White in Color;Carmet, Jean;Rouvel, Catherine
Another Woman;Hackman, Gene;Rowlands, Gena
Night on Earth;Benigni, Roberto;Rowlands, Gena
Permanent Record;Boyce, Alan;Rubin, Jennifer
Fisher King, The;Williams, Robin;Ruehl, Mercedes
Another You;Pryor, Richard;Ruehl, Mercedes
Young Lions, The;Brando, Marlon;Rush, Barbara
Cheerleader Camp;Garrett, Leif;Russell, Betsy
Trapper County War;Hudson, Ernie;Russell, Betsy
Angel & the Badman;Wayne, John;Russell, Gail
Impulse;Fahey, Jeff;Russell, Theresa
Track Twenty-Nine;Oldman, Gary;Russell, Theresa
Freejack;Estevez, Emilio;Russo, Rene
John Wayne Matinee Double Feature, No. 1;Wayne, John;Rutherford, Ann
Smallest Show on Earth, The;Sellers, Peter;Rutherford, Margaret
Innerspace;Quaid, Dennis;Ryan, Meg
Presidio, The;Connery, Sean;Ryan, Meg
Joe Versus the Volcano;Hanks, Tom;Ryan, Meg
Doors, The;Kilmer, Val;Ryan, Meg
Welcome Home, Roxy Carmichael;Daniels, Jeff;Ryder, Winona
Cancel My Reservation;Hope, Bob;Saint, Eva Marie
North by Northwest;Grant, Cary;Saint, Eva Marie
Russians Are Coming, the Russians Are, The;Reiner, Carl;Saint, Eva Marie
Exodus;Newman, Paul;Saint, Eva Marie
Ballad of Narayama, The;Ogata, Ken;Sakamoto, Sumiko
Out of the Darkness;Sheen, Martin;Salt, Jennifer
Garden of the Finzi-Continis, The;Capolicchio, Lino;Sanda, Dominique
Steppenwolf;Sydow, Max von;Sanda, Dominique
Mackintosh Man, The;Newman, Paul;Sanda, Dominique
Partner;Clementi, Pierre;Sandrelli, Stefania
Conformist, The;Trintignant, Jean-Louis;Sandrelli, Stefania
Dirty Harry;Eastwood, Clint;Santoni, Reni
Ferris Bueller's Day Off;Broderick, Matthew;Sara, Mia
Legend;Cruise, Tom;Sara, Mia
Buddy System, The;Dreyfuss, Richard;Sarandon, Susan
A Dry White Season;Sutherland, Donald;Sarandon, Susan
Rocky Horror Picture Show, The;Gray, Charles;Sarandon, Susan
War & Peace;Tikhonov, Vyacheslav;Savelyeva, Lyudmila
Defense of the Realm;Elliott, Denholm;Scacchi, Greta
Basil The Rat;Cleese, John;Scales, Prunella
Fawlty Towers, Gourmet Night, Waldorf Salad & The Kipper & the Corpse;Cleese, John;Scales, Prunella
Going Under;Pullman, Bill;Schaal, Wendy
U S. Sub Standard.;Pullman, Bill;Schaal, Wendy
Hells Angels on Wheels;Nicholson, Jack;Scharf, Sabrina
Passenger, The;Nicholson, Jack;Schneider, Maria
Last Tango in Paris;Brando, Marlon;Schneider, Maria
Indigo Autumn & Lilac Dream;Singer, Marc;Schrage, Lisa
Kriemhild's Revenge, The Nibelungenlied;Loos, Theodor;Schön, Margarete
Johnny Tiger;Taylor, Robert;Scott, Brenda
Head Office;Reinhold, Judge;Seymour, Jane
Live & Let Die;Moore, Roger;Seymour, Jane
Le Charme Discret de la Bourgeoisie;Rey, Fernando;Seyrig, Delphine
Blue City;Nelson, Judd;Sheedy, Ally
Bad Boys;Penn, Sean;Sheedy, Ally
Whoopee Boys, The;O'Keefe, Michael;Shelley, Carole
Last Picture Show, The;Bottoms, Timothy;Shepherd, Cybill
Diamond Trap, The;Hessman, Howard;Shields, Brooke
Endless Love;Hewitt, Martin;Shields, Brooke
Rocky;Stallone, Sylvester;Shire, Talia
Cocktail;Cruise, Tom;Shue, Elisabeth
Sabotage;Homolka, Oskar;Sidney, Sylvia
Madame Rosa;Youb, Samy Ben;Signoret, Simone
Fozzie's Muppet Scrapbook;Berle, Milton;Sills, Beverly
Desiree;Brando, Marlon;Simmons, Jean
Spartacus;Douglas, Kirk;Simmons, Jean
Guys & Dolls;Brando, Marlon;Simmons, Jean
Until They Sail;Newman, Paul;Simmons, Jean
Coming to America;Murphy, Eddie;Sinclair, Madge
Lilies of the Field;Poitier, Sidney;Skala, Lilia
River's Edge;Glover, Crispin;Skye, Ione
Ruthless People;DeVito, Danny;Slater, Helen
Secret of My Success, The;Fox, Michael J.;Slater, Helen
Shop on Main Street, The;Kroner, Josef;Slivoka, Hana
Funny Farm;Chase, Chevy;Smith, Madolyn
Lonely Passion of Judith Hearne, The;Hoskins, Bob;Smith, Maggie
California Suite;Caine, Michael;Smith, Maggie
Maximum Overdrive;Estevez, Emilio;Smith, Yeardley
Pale Rider;Eastwood, Clint;Snodgress, Carrie
Kissing Place, The;Birney, Meredith Baxter;Snow, Victoria
French Lesson;Sterling, Alexandre;Snowden, Jane
Roller Blade;Hutchinson, Jeff;Solari, Suzanne
A Shot in the Dark;Sellers, Peter;Sommer, Elke
Treasure Seekers, The;Whitman, Stuart;Sommer, Elke
Missing;Lemmon, Jack;Spacek, Sissy
Picasso Trigger;Bond, Steve;Speir, Dona
Hard Ticket to Hawaii;Moss, Ronn;Speir, Dona
Diamonds are Forever;Connery, Sean;St. John, Jill
Baby Face;Brent, George;Stanwyck, Barbara
Violent Men, The;Ford, Glenn;Stanwyck, Barbara
Cocoon;Ameche, Don;Stapleton, Maureen
Clockwise;Cleese, John;Steadman, Alison
Romantic Comedy;Moore, Dudley;Steenburgen, Mary
Outland;Connery, Sean;Sternhagen, Frances
Hang 'em High;Eastwood, Clint;Stevens, Inger
Basic Instinct;Douglas, Michael;Stone, Sharon
Total Recall;Schwarzenegger, Arnold;Stone, Sharon
Stakeout;Dreyfuss, Richard;Stowe, Madeleine
Unnamable II, The Statement of Randolph Carter, The;Rhys-Davies, John;Strain, Julie
Trip, The;Fonda, Peter;Strasberg, Susan
Ironweed;Nicholson, Jack;Streep, Meryl
Kramer vs. Kramer;Hoffman, Dustin;Streep, Meryl
Still of the Night;Scheider, Roy;Streep, Meryl
Defending Your Life;Brooks, Albert;Streep, Meryl
Deer Hunter, The;De Niro, Robert;Streep, Meryl
Falling in Love;De Niro, Robert;Streep, Meryl
Heartburn;Nicholson, Jack;Streep, Meryl
Silkwood;Russell, Kurt;Streep, Meryl
Sophie's Choice;Kline, Kevin;Streep, Meryl
Out of Africa;Redford, Robert;Streep, Meryl
French Lieutenant's Woman, The;Irons, Jeremy;Streep, Meryl
Plenty;Dance, Charles;Streep, Meryl
A Cry in the Dark;Neill, Sam;Streep, Meryl
She-Devil;Begley, Ed, Jr.;Streep, Meryl
Death Becomes Her;Willis, Bruce;Streep, Meryl
Kids & Pesticides;Whyatt, Robin;Streep, Meryl
On a Clear Day You Can See Forever;Montand, Yves;Streisand, Barbra
Nuts;Dreyfuss, Richard;Streisand, Barbra
Yentl;Patinkin, Mandy;Streisand, Barbra
Funny Girl;Sharif, Omar;Streisand, Barbra
Fellow Traveller;Travanti, Daniel J.;Stubbs, Imogen
Dodesukaden;Zushi, Yoshitaka;Sugai, Kin
Sicilian, The;Lambert, Christopher;Sukowa, Barbara
So Ends Our Night;March, Fredric;Sullavan, Margaret
Sword of the Valiant;O'Keeffe, Miles;Sutton, Emma
Devil's Wanton, The;Malmsten, Birger;Svedlund, Doris
Driving Miss Daisy;Freeman, Morgan;Tandy, Jessica
Seventh Cross, The;Tracy, Spencer;Tandy, Jessica
Between Friends;Ramer, Henry;Taylor, Elizabeth
Raintree County;Clift, Montgomery;Taylor, Elizabeth
Driver's Seat, The;Bannen, Ian;Taylor, Elizabeth
Reflections in a Golden Eye;Brando, Marlon;Taylor, Elizabeth
X, Y & Zee;Caine, Michael;Taylor, Elizabeth
Secret Ceremony;Mitchum, Robert;Taylor, Elizabeth
Cleopatra;Burton, Richard;Taylor, Elizabeth
Father of the Bride;Taylor, Rod;Taylor, Elizabeth
Who's Afraid of Virginia Woolf?;Burton, Richard;Taylor, Elizabeth
A Little Night Music;Cariou, Len;Taylor, Elizabeth
Giant;Hudson, Rock;Taylor, Elizabeth
Rumor Mill, The;Dysart, Richard A.;Taylor, Elizabeth
Lassie Come Home;McDowall, Roddy;Taylor, Elizabeth
Return Engagement;Bottoms, Joseph;Taylor, Elizabeth
Hammersmith Is Out;Burton, Richard;Taylor, Elizabeth
Super Duper Bloopers;Cooper, Gary;Taylor, Elizabeth
Elizabeth Taylor Collection, The;Fisher, Eddie;Taylor, Elizabeth
Ash Wednesday;Fonda, Henry;Taylor, Elizabeth
Last Time I Saw Paris, The;Johnson, Van;Taylor, Elizabeth
Cimarron;Dix, Richard;Taylor, Estelle
Apache Woman;Bridges, Lloyd;Taylor, Joan
Gary Numan - Berzerker;Webb, John;Taylor, Karen
Mystic Pizza;Moses, William;Taylor, Lili
Dogfight;Phoenix, River;Taylor, Lili
Adventures of Rex & Rinty, The;Rex the Wonder Horse;Taylor, Norma
Daphnis & Chloe;Morrow, Carl;Taylor, Victoria
Marathon;Newhart, Bob;Taylor-Young, Leigh
Fort Apache;Fonda, Henry;Temple, Shirley
Wee Willie Winkie;Romero, Cesar;Temple, Shirley
Big Shots;Busker, Ricky;Thayer, Brynn
Doin' Time on Planet Earth;Strouse, Nocholas;Thompson, Andrea
All the Right Moves;Cruise, Tom;Thompson, Lea
Some Kind of Wonderful;Stoltz, Eric;Thompson, Lea
All New Tales from the Crypt, A Trilogy;Walsh, M. Emmet;Thompson, Lea
Back to the Future;Fox, Michael J.;Thompson, Lea
Winter Light;Björnstrand, Gunnar;Thulin, Ingrid
Silence, The;Malmsten, Birger;Thulin, Ingrid
Magician, The;Sydow, Max von;Thulin, Ingrid
Four Horsemen of the Apocalypse, The;Ford, Glenn;Thulin, Ingrid
Critical Condition;Pryor, Richard;Ticotin, Rachel
Center of the Web;Curtis, Tony;Tilton, Charlene
Border Shootout;Ford, Glenn;Tilton, Charlene
Lean on Me;Freeman, Morgan;Todd, Beverly
On Wings of Eagles;Lancaster, Burt;Towers, Constance
Texas;Holden, William;Trevor, Claire
Allegheny Uprising;Wayne, John;Trevor, Claire
Dark Command;Wayne, John;Trevor, Claire
Peggy Sue Got Married;Cage, Nicolas;Turner, Kathleen
Dear America, Letters Home from Vietnam;De Niro, Robert;Turner, Kathleen
Prizzi's Honor;Nicholson, Jack;Turner, Kathleen
Man with Two Brains, The;Martin, Steve;Turner, Kathleen
Crimes of Passion;Perkins, Anthony;Turner, Kathleen
Jewel of the Nile, The;Douglas, Michael;Turner, Kathleen
Romancing the Stone;Douglas, Michael;Turner, Kathleen
Accidental Tourist, The;Hurt, William;Turner, Kathleen
Sea Chase, The;Wayne, John;Turner, Lana
Another Time, Another Place;Connery, Sean;Turner, Lana
Cannibal Women in the Avocado Jungle of Death;Primus, Barry;Tweed, Shannon
Mr Love.;Jackson, Barry;Tyzack, Margaret
2001: A Space Odyssey;Dullea, Keir;Tyzack, Margaret
Persona;Björnstrand, Gunnar;Ullman, Liv
Scenes from a Marriage;Josephson, Erland;Ullman, Liv
Hour of the Wolf;Sydow, Max von;Ullman, Liv
Passion of Anna, The;Sydow, Max von;Ullman, Liv
Dangerous Moves;Caron, Leslie;Ullman, Liv
Sayonara;Brando, Marlon;Umeki, Miyoshi
Where Eagles Dare;Burton, Richard;Ure, Mary
Teen Wolf;Fox, Michael J.;Ursitti, Susan
Amazon;Davi, Robert;Vaananen, Kari
Paper Chase, The;Bottoms, Timothy;Wagner, Lindsay
Virgin Spring, The;Sydow, Max von;Valberg, Brigitta
Spider's Stratagem;Brogi, Giulio;Valli, Alida
Play Misty for Me;Eastwood, Clint;Walter, Jessica
Going Ape;Danza, Tony;Walter, Jessica
Cool Hand Luke;Newman, Paul;Van Fleet, Jo
Phantom of the Ritz;Bergman, Peter;Van Valkenburgh, Deborah
Crash & Burn;Ganus, Paul;Ward, Megan
After Dark My Sweet;Patric, Jason;Ward, Rachel
Christopher Columbus: The Discovery;Brando, Marlon;Ward, Rachel
Young Sherlock Holmes;Rowe, Nicholas;Ward, Sophie
Doc Hollywood;Fox, Michael J.;Warner, Julie
Baja Oklahoma;Coyote, Peter;Warren, Lesley Ann
Aliens;Biehn, Michael;Weaver, Sigourney
Alien Three;Dutton, Charles;Weaver, Sigourney
Alien: resurrection;Perlman, Ron;Weaver, Sigourney
Alien;Skerritt, Tom;Weaver, Sigourney
One Woman or Two;Depardieu, Gérard;Weaver, Sigourney
Soggy Bottom U. S. A.;Johnson, Ben;Wedgeworth, Ann
Bang the Drum Slowly;Moriarty, Michael;Wedgeworth, Ann
Catamount Killing, The;Buchholz, Horst;Wedgeworth, Ann
Fuzz;Reynolds, Burt;Welch, Raquel
Shoot Loud, Louder, I Don't Understand!;Mastroianni, Marcello;Welch, Raquel
Bedazzled;Cook, Peter;Welch, Raquel
Prince & the Pauper, The;Reed, Oliver;Welch, Raquel
One Hundred Rifles;Reynolds, Burt;Welch, Raquel
Wild Party, The;Dukes, David;Welch, Raquel
Bandolero!;Stewart, James;Welch, Raquel
Last of Sheila, The;Coburn, James;Welch, Raquel
Hannie Caulder;Borgnine, Ernest;Welch, Raquel
Sounds of the Seventies...& the Beat Goes;Jones, Tom;Welch, Raquel
Bird;Whitaker, Forest;Venora, Diane
Meet Millie;Halop, Florence;Verdugo, Elena
Hell Comes to Frogtown;LeFlore, Julius;Verrell, Cec
Fortune Cookie, The;Lemmon, Jack;West, Judi
Sun Shines Bright, The;Winninger, Charles;Whelan, Arleen
Squeeze, The;Keach, Stacy;White, Carol
Start the Revolution Without Me;Wilder, Gene;Whitelaw, Billie
Major League;Sheen, Charlie;Whitton, Margaret
Bright Lights, Big City;Fox, Michael J.;Wiest, Dianne
Lost Boys, The;Patric, Jason;Wiest, Dianne
Cookie;Falk, Peter;Wiest, Dianne
Conversation, The;Hackman, Gene;Williams, Cindy
American Graffiti;Dreyfuss, Richard;Williams, Cindy
Dangerous When Wet;Lamas, Fernando;Williams, Esther
Stir Crazy;Pryor, Richard;Williams, JoBeth
Young Einstein;Serious, Yahoo;Wilson, Pee-Wee
Killing, The;Hayden, Sterling;Windsor, Marie
Cahill, United States Marshal;Wayne, John;Windsor, Marie
Savage Intruder, The;Garfield, John David;Wing, Virginia
Sheltering Sky, The;Malkovich, John;Winger, Debra
An Officer & a Gentleman;Gere, Richard;Winger, Debra
Black Widow;Hopper, Dennis;Winger, Debra
Legal Eagles;Redford, Robert;Winger, Debra
Bloody Mama;Stroud, Don;Winters, Shelley
A Patch of Blue;Poitier, Sidney;Winters, Shelley
I Died a Thousand Times;Palance, Jack;Winters, Shelley
Tentacles;Huston, John;Winters, Shelley
Scalphunters, The;Lancaster, Burt;Winters, Shelley
A Day in October;Sweeney, D. B.;Wolf, Kelly
A Fistful of Dollars;Eastwood, Clint;Volonte, Gian Maria
My Science Project;Stockwell, John;Von Zerneck, Danielle
Great Race, The;Moore, Dudley;Wood, Natalie
Searchers, The;Wayne, John;Wood, Natalie
Meteor;Connery, Sean;Wood, Natalie
Rebel Without a Cause;Dean, James;Wood, Natalie
West Side Story;Beymer, Richard;Wood, Natalie
Trash;Dallesandro, Joe;Woodlawn, Holly
A Big Hand for the Little Lady;Fonda, Henry;Woodward, Joanne
A Fine Madness;Connery, Sean;Woodward, Joanne
Glass Menagerie, The;Malkovich, John;Woodward, Joanne
Harry & Son;Newman, Paul;Woodward, Joanne
Rachel, Rachel;Olson, James;Woodward, Joanne
Paris Blues;Newman, Paul;Woodward, Joanne
Fugitive Kind, The;Brando, Marlon;Woodward, Joanne
Mr. & Mrs. Bridge;Newman, Paul;Woodward, Joanne
State of Grace;Penn, Sean;Wright, Robin
Shadow of a Doubt;Cotten, Joseph;Wright, Teresa
Men, The;Brando, Marlon;Wright, Teresa
Stage Fright;Wilding, Michael;Wyman, Jane
Magic Town;Stewart, James;Wyman, Jane
That Lucky Touch;Moore, Roger;York, Susannah
Lust for Gold;Ford, Glenn;Young, Gig
Heat;Reynolds, Burt;Young, Karen
Employee's Entrance;William, Warren;Young, Loretta
Night Is My Future;Malmsten, Birger;Zetterling, Mai
Witches, The;Fisher, Jasen;Zetterling, Mai
Vera Cruz;Cooper, Gary;
Apache;Lancaster, Burt;
Twilight's Last Gleaming;Lancaster, Burt;
Frisco Kid, The;Wilder, Gene;
Bank on the Stars;Paar, Jack;
Law of Desire;Maura, Carmen;
Quiller Memorandum, The;Segal, George;
Longest Day, The;Wayne, John;
Name of the Rose, The;Connery, Sean;
Bloodsport;Van Damme, Jean-Claude;
Torment;Gilbert, Taylor;
Pelle the Conqueror;Sydow, Max von;
Taps;Hutton, Timothy;
Freshman, The;Brando, Marlon;
Last Emperor, The;Lone, John;
Grim Reaper, The;Rulu, Francesco;
Le Dernier Combat;Jolivet, Pierre;
Too Beautiful for You;Depardieu, Gérard;
Fire, Ice & Dynamite;Moore, Roger;
Heavens Above;Sellers, Peter;
One Eyed Jacks;Malden, Karl;
Swing It, Sailor!;Ford, Wallace;
Wolf at the Door, The;Sutherland, Donald;
Modern Times;Chaplin, Charles;
Thunderbolt & Lightfoot;Eastwood, Clint;
A Nous la Liberte;Marchand, Henri;
Scum;Winstone, Ray;
Inside Man, The;Hopper, Dennis;
Apocalypse Now;Brando, Marlon;
Bellboy & the Playgirls, The;Wilkinson, June;
Terror, The;Karloff, Boris;
Raven, The;Price, Vincent;
They Came from Within;Hampton, Paul;
Boy in Blue, The;Cage, Nicolas;
Killer Tomatoes Strike Back;Astin, John;
Attack of the Killer Tomatoes;Wilson, George;
Untouchables, The;Connery, Sean;
Wise Guys;Piscopo, Joe;
American Autobahn;Jalenak, Jan;
Final Alliance, The;Hasselhoff, David;
Bounty, The;Gibson, Mel;
Little Prince, The;Kiley, Richard;
Posse;Douglas, Kirk;
Firefox;Eastwood, Clint;
Penitentiary III;Kennedy, Leon Isaac;
Ginger & Fred;Mastroianni, Marcello;
Wrong Box, The;Mills, John;
Wagonmaster;Johnson, Ben;
They Were Expendable;Montgomery, Robert;
Last Hurrah, The;Tracy, Spencer;
Law of the Golden West;Hale, Monte;
Pioneer Marshal;Hale, Monte;
Ranger of the Cherokee Strip;Hale, Monte;
Vanishing Westerner;Hale, Monte;
Bandits of Dark Canyon;Lane, Allan;
Bold Frontiersman, The;Lane, Allan;
Wild Frontier, The;Lane, Allan;
Firemen's Ball, The;Vostrcil, Jan;
Local Hero;Riegert, Peter;
French Connection, The;Hackman, Gene;
To Live & Die in L. A.;Stockwell, Dean;
Ferry to Hong Kong;Welles, Orson;
Eddie Murphy, Delirious;Murphy, Eddie;
Secret Policeman's Private Parts, The;Cleese, John;
Up the Creek;Sellers, Peter;
Yol;Akan, Tarik;
Sara Dane;Hopkins, Harold;
Night Tide;Muir, Gavin;
His Majesty O'Keefe;Lancaster, Burt;
North to Alaska;Wayne, John;
Flight to Fury;Nicholson, Jack;
Ride in the Whirlwind;Nicholson, Jack;
Powderkeg;Taylor, Rod;
I Confess;Clift, Montgomery;
Thirty-Nine Steps, The;Donat, Robert;
Topaz;Forsythe, John;
Murder;Marshall, Herbert;
Dial M for Murder;Milland, Ray;
Young & Innocent;Pilbeam, Nova;
Creature from Black Lake;Elam, Jack;
Chariots of Fire;Cross, Ben;
Monty Python Live at the Hollywood Bowl;Chapman, Graham;
Man Who Would Be King, The;Connery, Sean;
Victory;Stallone, Sylvester;
Kelly's Heroes;Eastwood, Clint;
Next of Kin;Swayze, Patrick;
Chattahoochee;Oldman, Gary;
Angelic Conversation, The;Reynolds, Paul;
Down by Law;Waits, Tom;
Killing Fields, The;Waterston, Sam;
Survival Zone;Ford, Terence;
Monty Python's Life of Brian;Chapman, Graham;
Monty Python's the Meaning of Life;Cleese, John;
Red Tent, The;Finch, Peter;
Dakota;Wayne, John;
Viva Zapata!;Brando, Marlon;
Green Berets, The;Wayne, John;
Big Bad John;English, Doug;
Ticket of Leave Man, The;Slaughter, Tod;
D-Day, The Sixth of June;Taylor, Robert;
Apprenticeship of Duddy Kravitz, The;Dreyfuss, Richard;
A Clockwork Orange;McDowell, Malcolm;
Full Metal Jacket;Modine, Matthew;
Sanshiro Sugata;Fujita, Susumu;
Rhapsody in August;Gere, Richard;
No Regrets for Our Youth;Hara, Setsuko;
Bad Sleep Well, The;Mifune, Toshiro;
Idiot, The;Mifune, Toshiro;
Rashomon;Mifune, Toshiro;
Sanjuro;Mifune, Toshiro;
Seven Samurai;Mifune, Toshiro;
Throne of Blood;Mifune, Toshiro;
Yojimbo;Mifune, Toshiro;
Kagemusha;Nakadai, Tatsuya;
Ikiru;Shimura, Takashi;
Empire of Spiritual Ninja;Berlin, Tom;
Ninja, the Violent Sorcerer;;
Metropolis;Abel, Alfred;
Cloak & Dagger;Cooper, Gary;
Spiders;De Vogy, Carl;
Human Desire;Ford, Glenn;
Spies;Klein-Rogge, Rudolf;
Testament of Dr. Mabuse, The;Klein-Rogge, Rudolf;
Fury;Tracy, Spencer;
Mo' Better Blues;Washington, Denzel;
Matt Talbot;Ford, Seamus;
Will Rogers, Look Back in Laughter;Williams, Robin;
For a Few Dollars More;Eastwood, Clint;
Thirty Seconds over Tokyo;Tracy, Spencer;
Class of 1984;King, Perry;
Juggernaut;Harris, Richard;
Good Morning, Vietnam;Williams, Robin;
Blood on the Sun;Cagney, James;
Paint Your Wagon;Marvin, Lee;
Ensign Pulver;Walker, Robert, Jr.;
Street People;Moore, Roger;
Manhunt, The;Borgnine, Ernest;
Operation Nam;Wayne, John Ethan;
Fighting Seabees, The;Wayne, John;
Let It Rock;Hopper, Dennis;
Eraserhead;Nance, John;
Ladykillers, The;Guinness, Alec;
Sweet Smell of Success;Lancaster, Burt;
And Now for Something Completely Different;Cleese, John;
Crackers;Sutherland, Donald;
Green Glove;Ford, Glenn;
Menace on the Mountain;Crowley, Pat;
In Old California;Wayne, John;
Thirty Is a Dangerous Age, Cynthia;Moore, Dudley;
Ffolkes;Moore, Roger;
Chisum;Wayne, John;
Hunt for Red October, The;Connery, Sean;
Closely Watched Trains;Neckar, Vaclav;
Executive Action;Lancaster, Burt;
Flying Tigers;Wayne, John;
Father's Little Dividend;Tracy, Spencer;
An Evening with Robin Williams;Williams, Robin;
Eddie Murphy Raw;Murphy, Eddie;
Harlem Nights;Murphy, Eddie;
Santee;Ford, Glenn;
Good Father, The;Hopkins, Anthony;
Sometimes a Great Notion;Newman, Paul;
Catch Twenty-Two;Arkin, Alan;
Dark Age;Jarratt, John;
Deadline;Newman, Barry;
Mysterious Mr. Wong;Lugosi, Bela;
A Month in the Country;Firth, Colin;
Prom Night III, The Last Kiss;Conlon, Tim;
Blood in, Blood Out;Penn, Sean;
Wrong Arm of the Law, The;Sellers, Peter;
Orphans;Finney, Albert;
All the President's Men;Redford, Robert;
J-Men Forever;Bergman, Peter;
Wild Bunch, The;Holden, William;
Judgement in Berlin;Sheen, Martin;
Hot Line, The;Boyer, Charles;
Rocket Gibraltar;Lancaster, Burt;
Yakuza, The;Mitchum, Robert;
Jeremiah Johnson;Redford, Robert;
Burn!;Brando, Marlon;
Magnum Force;Eastwood, Clint;
Cyborg;Van Damme, Jean-Claude;
Prisoner of Zenda, The;Sellers, Peter;
Scream;Martin, Pepper;
Assault, The;Lint, Derek De;
Flying Leathernecks;Wayne, John;
What Comes Around;Reed, Jerry;
Mon Oncle D'Amerique;Roger-Pierre;
Culpepper Cattle Company, The;Grimes, Gary;
Survivors, The;Matthau, Walter;
Roadhouse Sixty-Six;Dafoe, Willem;
Burning Poles, Cecil Taylor in Performance;Taylor, Cecil;
Russkies;Hubley, Whip;
My Blue Heaven;Martin, Steve;
Altered States;Hurt, William;
Cowboys, The;Wayne, John;
Code Name, Emerald;Harris, Ed;
Patton;Scott, George C.;
Midnight Cowboy;Hoffman, Dustin;
Falcon & the Snowman, The;Hutton, Timothy;
Maitresse;Ogier, Bulle;
Disorderlies;Boys, The Fat;
Raging Bull;De Niro, Robert;
Garrison Keillor's Home;Keillor, Garrison;
Overland Stage Raiders;Wayne, John;
Pals of the Saddle;Wayne, John;
Alone in the Dark;Schultz, Dwight;
Beguiled, The;Eastwood, Clint;
Escape from Alcatraz;Eastwood, Clint;
Criss Cross;Lancaster, Burt;
Midway;Heston, Charlton;
Indiana Jones & the Last Crusade;Ford, Harrison;
Duel;Weaver, Dennis;
Separate but Equal;Poitier, Sidney;
Gosta Berling's Saga;Hanson, Lars;
Platoon;Sheen, Charlie;
Crawling Hand, The;Breck, Peter;
Willy Wonka & the Chocolate Factory;Wilder, Gene;
Joe Kidd;Eastwood, Clint;
Santa Claus, The Movie;Moore, Dudley;
Boys Town;Tracy, Spencer;
Erasure, Live Wild!;;
A Question of Honor;Gazzara, Ben;
Check Your Guns;Dean, Eddie;
West to Glory;Dean, Eddie;
Throwback, The;Jones, Buck;
Border Feud;LaRue, Lash;
Fighting Vigilantes, The;LaRue, Lash;
Law of the Lash;LaRue, Lash;
Outlaw Country;LaRue, Lash;
Return of the Lash;LaRue, Lash;
Mystery of the Hooded Horsemen;Ritter, Tex;
Tex Rides with the Boy Scouts;Ritter, Tex;
Shadows of the West;Wilson, Whip;
Instant Karma;Cassidy, David;
Time Lock;Connery, Sean;
Appointment in Honduras;Ford, Glenn;
Danton;Depardieu, Gérard;
Alamo, The;Wayne, John;
La Chevre, (The Goat);Depardieu, Gérard;
Les Comperes;Richard, Pierre;
Dead Poets Society;Williams, Robin;
Othello, The Lost Masterpiece;Welles, Orson;
Battleground, The;Johnson, Van;
Kings of the Road (In the Course of Time);Vogler, Rudiger;
Hiroshima;Nelson, Judd;
Return of Martin Guerre, The;Depardieu, Gérard;
Somebody up There Likes Me;Newman, Paul;
Jack Benny Show;Benny, Jack;
Mutiny on the Bounty;Brando, Marlon;
Death Valley Days, Deadly Decision;Caan, James;
Monty Python's Flying Circus;Chapman, Graham;
Monty Python's Flying Circus, Vol 1.;Chapman, Graham;
Monty Python's Flying Circus, Vol 2.;Chapman, Graham;
Monty Python's Flying Circus, Vol 3.;Chapman, Graham;
Valkenvania;Chase, Chevy;
Secret Policeman's Other Ball, The;Cleese, John;
Taming of the Shrew, The;Cleese, John;
From Russia with Love;Connery, Sean;
Offence, The;Connery, Sean;
Hollywood Mavericks;Coppola, Francis Ford;
Live at Harrah's;Cosby, Bill;
Persuaders, The Overture, The;Curtis, Tony;
Nineteen Hundred;De Niro, Robert;
Van, The;DeVito, Danny;
My Country Right or Wrong;Douglas, Michael;
Clint Eastwood Collection, The;Eastwood, Clint;
Complete Dirty Harry, Magnum Force, The;Eastwood, Clint;
Dead Pool, The;Eastwood, Clint;
Good, the Bad & the Ugly, The;Eastwood, Clint;
Rawhide, Premiere Episode;Eastwood, Clint;
Tightrope;Eastwood, Clint;
Hearts of Fire;Everett, Rupert;
How the West Was Won;Fonda, Henry;
Mummy's Hand, The;Foran, Dick;
Great White Death;Ford, Glenn;
Mosquito Coast, The;Ford, Harrison;
Today We Kill....Tomorrow We Die;Ford, Montgomery;
Tormenta Sobre Arizona;Ford, Wallace;
Back to the Future II;Fox, Michael J.;
Maverick, Duel at Sundown;Garner, James;
Shakespeare Series;Gielgud, John;
Deadly Trackers;Harris, Richard;
American Film Institute, Alfred Hitchcock;Hitchcock, Alfred;
A Married Man;Hopkins, Anthony;
Othello;Hopkins, Anthony;
Only Way Home, The;Hopkins, Bo;
Tales of Tomorrow;Karloff, Boris;
Inherit the Wind;Kelly, Gene;
This Is Horror;King, Stephen;
Conversation Piece;Lancaster, Burt;
Crimson Pirate, The;Lancaster, Burt;
Devil's Disciple, The;Lancaster, Burt;
Hallelujah Trail, The;Lancaster, Burt;
Train, The;Lancaster, Burt;
Jay Leno: The American Dream;Leno, Jay;
Primal Rage;Lowe, Patrick;
Industrial Symphony, The Dream of the Broken-Hearted;Lynch, David;
Howie Mandel's North American Watusi Tour;Mandel, Howie;
Branford Marsalis, Steep;Marsalis, Branford;
L. A. Story;Martin, Steve;
Steve Martin Live!;Martin, Steve;
Steve Martin, The Funnier Side of Eastern Canada;Martin, Steve;
Runaway Barge, The;Matheson, Tim;
Romulus & the Sabines;Moore, Roger;
Saint, The;Moore, Roger;
Strange Brew;Moranis, Rick;
Another Forty-Eight Hours;Murphy, Eddie;
Best of Eddie Murphy, Saturday Night Live, The;Murphy, Eddie;
What about Bob?;Murray, Bill;
Mummy's Revenge, The;Naschy, Paul;
Harper;Newman, Paul;
Left Handed Gun, The;Newman, Paul;
Once upon a Wheel;Newman, Paul;
Prize, The;Newman, Paul;
Secret War of Harry Frigg, The;Newman, Paul;
Two Jakes, The;Nicholson, Jack;
Exile in Concert;Pennington, J. P.;
Joe Piscopo New Jersey Special;Piscopo, Joe;
Joe Piscopo Video, The;Piscopo, Joe;
Death Valley Days, No Gun Behind His Badge;Reagan, Ronald;
Salsa: The Motion Picture;Rosa, Robby;
Hollywood's Greatest War Movies;Scott, George C.;
Out for Justice;Seagal, Steven;
Case of the Mukkinese Battle Horn, The;Sellers, Peter;
Goon Show Movie, The;Sellers, Peter;
Great McGonagall, The;Sellers, Peter;
I'm All Right Jack;Sellers, Peter;
Magic Christian, The;Sellers, Peter;
Never Let Go;Sellers, Peter;
Pink Panther, The;Sellers, Peter;
Two-Way Stretch;Sellers, Peter;
Face at the Window, The;Slaughter, Tod;
Tom Thumb;Tamblyn, Russ;
Beartooth;Taylor, Dub;
James Taylor in Concert;Taylor, James;
Gangbusters;Taylor, Kent;
El Rublo de las Dos Caras;Taylor, Robert;
Law & Jake Wade, The;Taylor, Robert;
Chuka;Taylor, Rod;
Cry of the Innocent;Taylor, Rod;
Edison the Man;Tracy, Spencer;
Keeper of the Flame;Tracy, Spencer;
Spencer Tracy Legacy, The;Tracy, Spencer;
Cheyenne, The Iron Trail;Walker, Clint;
Dawn Rider, The;Wayne, John;
Duke, The Films of John Wayne;Wayne, John;
Frontier Horizon;Wayne, John;
Hell Town;Wayne, John;
Hurricane Express;Wayne, John;
Hurricane Express, The;Wayne, John;
In Harm's Way;Wayne, John;
John Wayne Collection, Red River, The;Wayne, John;
John Wayne Collector's Limited Edition;Wayne, John;
John Wayne Four Pack;Wayne, John;
John Wayne Matinee Double Feature, No. 2;Wayne, John;
John Wayne Matinee Double Feature, No. 3;Wayne, John;
John Wayne Matinee Double Feature, No. 4;Wayne, John;
John Wayne Six Pack;Wayne, John;
John Wayne Western Greats, Rio Bravo;Wayne, John;
King of the Pecos;Wayne, John;
Lawless Frontier;Wayne, John;
Lawless Frontier, The;Wayne, John;
Lawless Nineties, The;Wayne, John;
Lucky Texan;Wayne, John;
McQ;Wayne, John;
Neath Arizona Skies;Wayne, John;
Neath the Arizona Skies;Wayne, John;
Randy Rides Alone;Wayne, John;
Range Feud;Wayne, John;
Red River;Wayne, John;
Riders of Destiny;Wayne, John;
Sagebrush Trail;Wayne, John;
Shadow of the Eagle, The;Wayne, John;
Blood & Guns;Welles, Orson;
Hot Money;Welles, Orson;
Comedy Tonight;Williams, Robin;
Robin Williams;Williams, Robin;
